{
  "family": "router",
  "split": "eval",
  "overall": {
    "rows": 3000,
    "accuracy": 0.8303333333333334,
    "macro_f1": 0.8270183306246448,
    "weighted_f1": 0.8270183306246448,
    "micro_f1": 0.8303333333333334,
    "labels": [
      "low",
      "medium",
      "high"
    ],
    "confusion_matrix": [
      [
        998,
        2,
        0
      ],
      [
        81,
        691,
        228
      ],
      [
        0,
        198,
        802
      ]
    ],
    "calibration_error": 0.04161921010641673,
    "ordinal_mae": 0.16966666666666666,
    "off_by_two_rate": 0.0
  },
  "per_task": {
    "confidence_bin": {
      "rows": 3000,
      "accuracy": 0.8303333333333334,
      "macro_f1": 0.8270183306246448,
      "weighted_f1": 0.8270183306246448,
      "micro_f1": 0.8303333333333334,
      "labels": [
        "high",
        "low",
        "medium"
      ],
      "confusion_matrix": [
        [
          802,
          0,
          198
        ],
        [
          0,
          998,
          2
        ],
        [
          228,
          81,
          691
        ]
      ],
      "wrong_task_predictions": 0,
      "wrong_task_rate": 0.0
    }
  }
}