{
  "family": "extractor",
  "split": "eval",
  "overall": {
    "constraint_scope::finance": {
      "precision": 0.5971943887775552,
      "recall": 0.596,
      "f1-score": 0.5965965965965966,
      "support": 1000.0
    },
    "constraint_scope::food": {
      "precision": 0.5679475164011246,
      "recall": 0.606,
      "f1-score": 0.5863570391872278,
      "support": 1000.0
    },
    "constraint_scope::general": {
      "precision": 0.2378167641325536,
      "recall": 0.244,
      "f1-score": 0.24086870681145114,
      "support": 1000.0
    },
    "constraint_scope::health": {
      "precision": 0.5272305909617613,
      "recall": 0.455,
      "f1-score": 0.48845947396672035,
      "support": 1000.0
    },
    "constraint_scope::none": {
      "precision": 0.22245762711864406,
      "recall": 0.21,
      "f1-score": 0.21604938271604937,
      "support": 1000.0
    },
    "constraint_scope::social": {
      "precision": 0.34171322160148976,
      "recall": 0.367,
      "f1-score": 0.35390549662487947,
      "support": 1000.0
    },
    "constraint_scope::tech": {
      "precision": 0.5276073619631901,
      "recall": 0.602,
      "f1-score": 0.5623540401681457,
      "support": 1000.0
    },
    "constraint_scope::travel": {
      "precision": 0.5529640427599611,
      "recall": 0.569,
      "f1-score": 0.5608674223755544,
      "support": 1000.0
    },
    "constraint_scope::work": {
      "precision": 0.47314285714285714,
      "recall": 0.414,
      "f1-score": 0.4416,
      "support": 1000.0
    },
    "constraint_stability::semi_stable": {
      "precision": 0.5643776824034334,
      "recall": 0.526,
      "f1-score": 0.5445134575569358,
      "support": 1000.0
    },
    "constraint_stability::stable": {
      "precision": 0.5771812080536913,
      "recall": 0.602,
      "f1-score": 0.5893294175232501,
      "support": 1000.0
    },
    "constraint_stability::volatile": {
      "precision": 0.6171875,
      "recall": 0.632,
      "f1-score": 0.6245059288537549,
      "support": 1000.0
    },
    "constraint_type::causal": {
      "precision": 0.36391912908242613,
      "recall": 0.468,
      "f1-score": 0.4094488188976378,
      "support": 1000.0
    },
    "constraint_type::constraint_other": {
      "precision": 0.17943925233644858,
      "recall": 0.192,
      "f1-score": 0.1855072463768116,
      "support": 1000.0
    },
    "constraint_type::goal": {
      "precision": 0.2697095435684647,
      "recall": 0.39,
      "f1-score": 0.31888798037612426,
      "support": 1000.0
    },
    "constraint_type::none": {
      "precision": 0.2863961813842482,
      "recall": 0.24,
      "f1-score": 0.2611534276387378,
      "support": 1000.0
    },
    "constraint_type::policy": {
      "precision": 0.5325248070562293,
      "recall": 0.483,
      "f1-score": 0.5065547981122182,
      "support": 1000.0
    },
    "constraint_type::preference": {
      "precision": 0.37220149253731344,
      "recall": 0.399,
      "f1-score": 0.38513513513513514,
      "support": 1000.0
    },
    "constraint_type::state": {
      "precision": 0.23416965352449223,
      "recall": 0.196,
      "f1-score": 0.21339139902014154,
      "support": 1000.0
    },
    "constraint_type::value": {
      "precision": 0.31144465290806755,
      "recall": 0.166,
      "f1-score": 0.21656881930854532,
      "support": 1000.0
    },
    "fact_type::identity": {
      "precision": 0.5077793493635078,
      "recall": 0.359,
      "f1-score": 0.4206209724663152,
      "support": 1000.0
    },
    "fact_type::location": {
      "precision": 0.5878962536023055,
      "recall": 0.612,
      "f1-score": 0.5997060264576188,
      "support": 1000.0
    },
    "fact_type::none": {
      "precision": 0.2927094668117519,
      "recall": 0.269,
      "f1-score": 0.2803543512245961,
      "support": 1000.0
    },
    "fact_type::occupation": {
      "precision": 0.5208333333333334,
      "recall": 0.55,
      "f1-score": 0.5350194552529183,
      "support": 1000.0
    },
    "fact_type::other_fact": {
      "precision": 0.2811361981063365,
      "recall": 0.386,
      "f1-score": 0.3253265908133165,
      "support": 1000.0
    },
    "fact_type::preference": {
      "precision": 0.5066815144766147,
      "recall": 0.455,
      "f1-score": 0.4794520547945205,
      "support": 1000.0
    },
    "pii_presence::no_pii": {
      "precision": 0.9933907470458642,
      "recall": 0.992,
      "f1-score": 0.9926948864204943,
      "support": 5000.0
    },
    "pii_presence::pii": {
      "precision": 0.9918130990415336,
      "recall": 0.9934,
      "f1-score": 0.9926059152677857,
      "support": 5000.0
    },
    "accuracy": 0.5809722222222222,
    "macro avg": {
      "precision": 0.46567376555339995,
      "recall": 0.46333571428571413,
      "f1-score": 0.4617083871408387,
      "support": 36000.0
    },
    "weighted avg": {
      "precision": 0.5827689116623553,
      "recall": 0.5809722222222222,
      "f1-score": 0.5796955012971278,
      "support": 36000.0
    }
  },
  "per_task": {
    "constraint_scope": {
      "finance": {
        "precision": 0.5989949748743718,
        "recall": 0.596,
        "f1-score": 0.5974937343358396,
        "support": 1000.0
      },
      "food": {
        "precision": 0.5711592836946278,
        "recall": 0.606,
        "f1-score": 0.5880640465793304,
        "support": 1000.0
      },
      "general": {
        "precision": 0.2378167641325536,
        "recall": 0.244,
        "f1-score": 0.24086870681145114,
        "support": 1000.0
      },
      "health": {
        "precision": 0.5284552845528455,
        "recall": 0.455,
        "f1-score": 0.48898441698011824,
        "support": 1000.0
      },
      "none": {
        "precision": 0.22245762711864406,
        "recall": 0.21,
        "f1-score": 0.21604938271604937,
        "support": 1000.0
      },
      "social": {
        "precision": 0.34171322160148976,
        "recall": 0.367,
        "f1-score": 0.35390549662487947,
        "support": 1000.0
      },
      "tech": {
        "precision": 0.5276073619631901,
        "recall": 0.602,
        "f1-score": 0.5623540401681457,
        "support": 1000.0
      },
      "travel": {
        "precision": 0.5572967678746327,
        "recall": 0.569,
        "f1-score": 0.5630875804057397,
        "support": 1000.0
      },
      "work": {
        "precision": 0.47368421052631576,
        "recall": 0.414,
        "f1-score": 0.4418356456776948,
        "support": 1000.0
      },
      "micro avg": {
        "precision": 0.4515949761031455,
        "recall": 0.4514444444444444,
        "f1-score": 0.451519697727399,
        "support": 9000.0
      },
      "macro avg": {
        "precision": 0.4510206107042968,
        "recall": 0.4514444444444444,
        "f1-score": 0.450293672255472,
        "support": 9000.0
      },
      "weighted avg": {
        "precision": 0.45102061070429683,
        "recall": 0.4514444444444444,
        "f1-score": 0.450293672255472,
        "support": 9000.0
      }
    },
    "constraint_stability": {
      "semi_stable": {
        "precision": 0.5643776824034334,
        "recall": 0.526,
        "f1-score": 0.5445134575569358,
        "support": 1000.0
      },
      "stable": {
        "precision": 0.5771812080536913,
        "recall": 0.602,
        "f1-score": 0.5893294175232501,
        "support": 1000.0
      },
      "volatile": {
        "precision": 0.6171875,
        "recall": 0.632,
        "f1-score": 0.6245059288537549,
        "support": 1000.0
      },
      "micro avg": {
        "precision": 0.586862287429143,
        "recall": 0.5866666666666667,
        "f1-score": 0.5867644607434572,
        "support": 3000.0
      },
      "macro avg": {
        "precision": 0.5862487968190416,
        "recall": 0.5866666666666668,
        "f1-score": 0.5861162679779802,
        "support": 3000.0
      },
      "weighted avg": {
        "precision": 0.5862487968190416,
        "recall": 0.5866666666666667,