{
  "family": "extractor",
  "epoch_stats": [
    {
      "epoch": 1,
      "train_loss": 0.07304321517285889,
      "train_accuracy": 0.9985243055555556,
      "train_macro_f1": 0.9996205356573068,
      "train_weighted_f1": 0.9985243053339707,
      "valid_loss": 0.07040478728784708,
      "valid_accuracy": 0.9978333333333333,
      "valid_macro_f1": 0.9994428567862855,
      "valid_weighted_f1": 0.9978333319466658,
      "monitor_metric": "macro_f1",
      "monitor_value": 0.9994428567862855,
      "improved": true
    },
    {
      "epoch": 2,
      "train_loss": 0.07098693556871623,
      "train_accuracy": 0.9985138888888889,
      "train_macro_f1": 0.9996178570566361,
      "train_weighted_f1": 0.998513888553585,
      "valid_loss": 0.06895428509737356,
      "valid_accuracy": 0.9979166666666667,
      "valid_macro_f1": 0.9994642852803567,
      "valid_weighted_f1": 0.9979166649791653,
      "monitor_metric": "macro_f1",
      "monitor_value": 0.9994642852803567,
      "improved": false
    },
    {
      "epoch": 3,
      "train_loss": 0.06992293075722475,
      "train_accuracy": 0.9984930555555556,
      "train_macro_f1": 0.9996124998827812,
      "train_weighted_f1": 0.9984930550997047,
      "valid_loss": 0.06817925236885357,
      "valid_accuracy": 0.9979166666666667,
      "valid_macro_f1": 0.9994642852803567,
      "valid_weighted_f1": 0.9979166649791653,
      "monitor_metric": "macro_f1",
      "monitor_value": 0.9994642852803567,
      "improved": false
    },
    {
      "epoch": 4,
      "train_loss": 0.0692276576162906,
      "train_accuracy": 0.9984861111111111,
      "train_macro_f1": 0.9996107141570066,
      "train_weighted_f1": 0.9984861106105815,
      "valid_loss": 0.06766472301272425,
      "valid_accuracy": 0.9979166666666667,
      "valid_macro_f1": 0.9994642852803567,
      "valid_weighted_f1": 0.9979166649791653,
      "monitor_metric": "macro_f1",
      "monitor_value": 0.9994642852803567,
      "improved": false
    }
  ]
}