{
  "family": "extractor",
  "split": "eval",
  "overall": {
    "constraint_scope::finance": {
      "precision": 0.7885652642934197,
      "recall": 0.731,
      "f1-score": 0.7586922677737415,
      "support": 1000.0
    },
    "constraint_scope::food": {
      "precision": 0.7108307045215563,
      "recall": 0.676,
      "f1-score": 0.6929779600205023,
      "support": 1000.0
    },
    "constraint_scope::general": {
      "precision": 0.24863883847549909,
      "recall": 0.411,
      "f1-score": 0.3098379193366001,
      "support": 1000.0
    },
    "constraint_scope::health": {
      "precision": 0.7443365695792881,
      "recall": 0.69,
      "f1-score": 0.7161390762843799,
      "support": 1000.0
    },
    "constraint_scope::none": {
      "precision": 0.3058542413381123,
      "recall": 0.256,
      "f1-score": 0.27871529667936856,
      "support": 1000.0
    },
    "constraint_scope::social": {
      "precision": 0.7645011600928074,
      "recall": 0.659,
      "f1-score": 0.7078410311493019,
      "support": 1000.0
    },
    "constraint_scope::tech": {
      "precision": 0.6837696335078534,
      "recall": 0.653,
      "f1-score": 0.6680306905370844,
      "support": 1000.0
    },
    "constraint_scope::travel": {
      "precision": 0.677710843373494,
      "recall": 0.675,
      "f1-score": 0.6763527054108216,
      "support": 1000.0
    },
    "constraint_scope::work": {
      "precision": 0.6518438177874186,
      "recall": 0.601,
      "f1-score": 0.6253902185223725,
      "support": 1000.0
    },
    "constraint_stability::semi_stable": {
      "precision": 0.7207977207977208,
      "recall": 0.759,
      "f1-score": 0.7394057476863127,
      "support": 1000.0
    },
    "constraint_stability::stable": {
      "precision": 0.82,
      "recall": 0.738,
      "f1-score": 0.7768421052631579,
      "support": 1000.0
    },
    "constraint_stability::volatile": {
      "precision": 0.7394636015325671,
      "recall": 0.772,
      "f1-score": 0.7553816046966731,
      "support": 1000.0
    },
    "constraint_type::causal": {
      "precision": 0.4566729917773561,
      "recall": 0.722,
      "f1-score": 0.5594730724525377,
      "support": 1000.0
    },
    "constraint_type::constraint_other": {
      "precision": 0.39611650485436894,
      "recall": 0.408,
      "f1-score": 0.4019704433497537,
      "support": 1000.0
    },
    "constraint_type::goal": {
      "precision": 0.8076416337285902,
      "recall": 0.613,
      "f1-score": 0.6969869243888573,
      "support": 1000.0
    },
    "constraint_type::none": {
      "precision": 0.35260115606936415,
      "recall": 0.488,
      "f1-score": 0.40939597315436244,
      "support": 1000.0
    },
    "constraint_type::policy": {
      "precision": 0.7823721436343852,
      "recall": 0.719,
      "f1-score": 0.7493486190724336,
      "support": 1000.0
    },
    "constraint_type::preference": {
      "precision": 0.6564729867482161,
      "recall": 0.644,
      "f1-score": 0.6501766784452296,
      "support": 1000.0
    },
    "constraint_type::state": {
      "precision": 0.71658615136876,
      "recall": 0.445,
      "f1-score": 0.5490438001233806,
      "support": 1000.0
    },
    "constraint_type::value": {
      "precision": 0.7682584269662921,
      "recall": 0.547,
      "f1-score": 0.639018691588785,
      "support": 1000.0
    },
    "fact_type::identity": {
      "precision": 0.5689488910318226,
      "recall": 0.59,
      "f1-score": 0.5792832596956309,
      "support": 1000.0
    },
    "fact_type::location": {
      "precision": 0.6224105461393596,
      "recall": 0.661,
      "f1-score": 0.6411251212415131,
      "support": 1000.0
    },
    "fact_type::none": {
      "precision": 0.5032198712051518,
      "recall": 0.547,
      "f1-score": 0.5241974125539052,
      "support": 1000.0
    },
    "fact_type::occupation": {
      "precision": 0.806674338319908,
      "recall": 0.701,
      "f1-score": 0.7501337613697164,
      "support": 1000.0
    },
    "fact_type::other_fact": {
      "precision": 0.3956709956709957,
      "recall": 0.457,
      "f1-score": 0.42412993039443153,
      "support": 1000.0
    },
    "fact_type::preference": {
      "precision": 0.8669250645994832,
      "recall": 0.671,
      "f1-score": 0.7564825253664036,
      "support": 1000.0
    },
    "pii_presence::no_pii": {
      "precision": 0.9913965586234493,
      "recall": 0.991,
      "f1-score": 0.9911982396479296,
      "support": 5000.0
    },
    "pii_presence::pii": {
      "precision": 0.991207034372502,
      "recall": 0.992,
      "f1-score": 0.9916033586565374,
      "support": 5000.0
    },
    "accuracy": 0.71525,
    "macro avg": {
      "precision": 0.6621245603717764,
      "recall": 0.6363214285714286,
      "f1-score": 0.6435419441022044,
      "support": 36000.0
    },
    "weighted avg": {
      "precision": 0.7352750572887097,
      "recall": 0.71525,
      "f1-score": 0.7208439118910998,
      "support": 36000.0
    }
  },
  "per_task": {
    "constraint_scope": {
      "finance": {
        "precision": 0.7945652173913044,
        "recall": 0.731,
        "f1-score": 0.7614583333333333,
        "support": 1000.0
      },
      "food": {
        "precision": 0.7153439153439154,
        "recall": 0.676,
        "f1-score": 0.6951156812339332,
        "support": 1000.0
      },
      "general": {
        "precision": 0.24863883847549909,
        "recall": 0.411,
        "f1-score": 0.3098379193366001,
        "support": 1000.0
      },
      "health": {
        "precision": 0.7475622968580715,
        "recall": 0.69,
        "f1-score": 0.717628705148206,
        "support": 1000.0
      },
      "none": {
        "precision": 0.3058542413381123,
        "recall": 0.256,
        "f1-score": 0.27871529667936856,
        "support": 1000.0
      },
      "social": {
        "precision": 0.7716627634660421,
        "recall": 0.659,
        "f1-score": 0.7108953613807982,
        "support": 1000.0
      },
      "tech": {
        "precision": 0.6844863731656184,
        "recall": 0.653,
        "f1-score": 0.6683725690890481,
        "support": 1000.0
      },
      "travel": {
        "precision": 0.6852791878172588,
        "recall": 0.675,
        "f1-score": 0.6801007556675063,
        "support": 1000.0
      },
      "work": {
        "precision": 0.6532608695652173,
        "recall": 0.601,
        "f1-score": 0.6260416666666667,
        "support": 1000.0
      },
      "micro avg": {
        "precision": 0.595261928595262,
        "recall": 0.5946666666666667,
        "f1-score": 0.5949641487410372,
        "support": 9000.0
      },
      "macro avg": {
        "precision": 0.6229615226023378,
        "recall": 0.5946666666666667,
        "f1-score": 0.6053518098372733,
        "support": 9000.0
      },
      "weighted avg": {
        "precision": 0.6229615226023376,
        "recall": 0.5946666666666667,
        "f1-score": 0.6053518098372734,
        "support": 9000.0
      }
    },
    "constraint_stability": {
      "semi_stable": {
        "precision": 0.7207977207977208,
        "recall": 0.759,
        "f1-score": 0.7394057476863127,
        "support": 1000.0
      },
      "stable": {
        "precision": 0.8209121245828699,
        "recall": 0.738,
        "f1-score": 0.7772511848341233,
        "support": 1000.0
      },
      "volatile": {
        "precision": 0.7394636015325671,
        "recall": 0.772,
        "f1-score": 0.7553816046966731,
        "support": 1000.0
      },
      "micro avg": {
        "precision": 0.757343124165554,
        "recall": 0.7563333333333333,
        "f1-score": 0.7568378919279519,
        "support": 3000.0
      },
      "macro avg": {
        "precision": 0.7603911489710526,
        "recall": 0.7563333333333334,
        "f1-score": 0.7573461790723698,
        "support": 3000.0
      },
      "weighted avg": {
        "precision": 0.7603911489710526,
        "recall": 0.7563333333333333,
        "f1-score": 0.7573461790723697,