{
  "family": "extractor",
  "split": "test",
  "overall": {
    "constraint_scope::finance": {
      "precision": 0.8903365906623235,
      "recall": 0.82,
      "f1-score": 0.8537220197813639,
      "support": 1000.0
    },
    "constraint_scope::food": {
      "precision": 0.8477801268498943,
      "recall": 0.802,
      "f1-score": 0.8242548818088387,
      "support": 1000.0
    },
    "constraint_scope::general": {
      "precision": 0.359375,
      "recall": 0.621,
      "f1-score": 0.45527859237536655,
      "support": 1000.0
    },
    "constraint_scope::health": {
      "precision": 0.887402452619844,
      "recall": 0.796,
      "f1-score": 0.8392198207696363,
      "support": 1000.0
    },
    "constraint_scope::none": {
      "precision": 0.694090382387022,
      "recall": 0.599,
      "f1-score": 0.6430488459473966,
      "support": 1000.0
    },
    "constraint_scope::social": {
      "precision": 0.8895486935866983,
      "recall": 0.749,
      "f1-score": 0.8132464712269273,
      "support": 1000.0
    },
    "constraint_scope::tech": {
      "precision": 0.889247311827957,
      "recall": 0.827,
      "f1-score": 0.8569948186528498,
      "support": 1000.0
    },
    "constraint_scope::travel": {
      "precision": 0.8983228511530398,
      "recall": 0.857,
      "f1-score": 0.8771750255885363,
      "support": 1000.0
    },
    "constraint_scope::work": {
      "precision": 0.8813928182807399,
      "recall": 0.81,
      "f1-score": 0.8441896821261073,
      "support": 1000.0
    },
    "constraint_stability::semi_stable": {
      "precision": 0.8397271952259164,
      "recall": 0.985,
      "f1-score": 0.9065807639208467,
      "support": 1000.0
    },
    "constraint_stability::stable": {
      "precision": 0.992108229988726,
      "recall": 0.88,
      "f1-score": 0.9326974032856385,
      "support": 1000.0
    },
    "constraint_stability::volatile": {
      "precision": 0.9840425531914894,
      "recall": 0.925,
      "f1-score": 0.9536082474226805,
      "support": 1000.0
    },
    "constraint_type::causal": {
      "precision": 0.9103092783505154,
      "recall": 0.883,
      "f1-score": 0.8964467005076142,
      "support": 1000.0
    },
    "constraint_type::constraint_other": {
      "precision": 0.6884848484848485,
      "recall": 0.568,
      "f1-score": 0.6224657534246575,
      "support": 1000.0
    },
    "constraint_type::goal": {
      "precision": 0.960741548527808,
      "recall": 0.881,
      "f1-score": 0.9191444966092853,
      "support": 1000.0
    },
    "constraint_type::none": {
      "precision": 0.7195242814667988,
      "recall": 0.726,
      "f1-score": 0.7227476356396217,
      "support": 1000.0
    },
    "constraint_type::policy": {
      "precision": 0.831413612565445,
      "recall": 0.794,
      "f1-score": 0.8122762148337596,
      "support": 1000.0
    },
    "constraint_type::preference": {
      "precision": 0.8918032786885246,
      "recall": 0.816,
      "f1-score": 0.852219321148825,
      "support": 1000.0
    },
    "constraint_type::state": {
      "precision": 0.4837702871410737,
      "recall": 0.775,
      "f1-score": 0.595695618754804,
      "support": 1000.0
    },
    "constraint_type::value": {
      "precision": 0.8277571251548946,
      "recall": 0.668,
      "f1-score": 0.7393469839513005,
      "support": 1000.0
    },
    "fact_type::identity": {
      "precision": 0.8740157480314961,
      "recall": 0.777,
      "f1-score": 0.822657490735839,
      "support": 1000.0
    },
    "fact_type::location": {
      "precision": 0.8725910064239829,
      "recall": 0.815,
      "f1-score": 0.8428128231644261,
      "support": 1000.0
    },
    "fact_type::none": {
      "precision": 0.5107967237527923,
      "recall": 0.686,
      "f1-score": 0.5855740503627828,
      "support": 1000.0
    },
    "fact_type::occupation": {
      "precision": 0.896551724137931,
      "recall": 0.832,
      "f1-score": 0.8630705394190872,
      "support": 1000.0
    },
    "fact_type::other_fact": {
      "precision": 0.6728016359918201,
      "recall": 0.658,
      "f1-score": 0.6653185035389282,
      "support": 1000.0
    },
    "fact_type::preference": {
      "precision": 0.9396551724137931,
      "recall": 0.872,
      "f1-score": 0.9045643153526971,
      "support": 1000.0
    },
    "pii_presence::no_pii": {
      "precision": 0.9920143741265721,
      "recall": 0.9938,
      "f1-score": 0.9929063842541712,
      "support": 5000.0
    },
    "pii_presence::pii": {
      "precision": 0.9937888198757764,
      "recall": 0.992,
      "f1-score": 0.9928936042438194,
      "support": 5000.0
    },
    "accuracy": 0.8430833333333333,
    "macro avg": {
      "precision": 0.8256926311038474,
      "recall": 0.8002785714285715,
      "f1-score": 0.8082198931731358,
      "support": 36000.0
    },
    "weighted avg": {
      "precision": 0.862850179081031,
      "recall": 0.8430833333333333,
      "f1-score": 0.8492599156344381,
      "support": 36000.0
    }
  },
  "per_task": {
    "constraint_scope": {
      "finance": {
        "precision": 0.8903365906623235,
        "recall": 0.82,
        "f1-score": 0.8537220197813639,
        "support": 1000.0
      },
      "food": {
        "precision": 0.8477801268498943,
        "recall": 0.802,
        "f1-score": 0.8242548818088387,
        "support": 1000.0
      },
      "general": {
        "precision": 0.359375,
        "recall": 0.621,
        "f1-score": 0.45527859237536655,
        "support": 1000.0
      },
      "health": {
        "precision": 0.887402452619844,
        "recall": 0.796,
        "f1-score": 0.8392198207696363,
        "support": 1000.0
      },
      "none": {
        "precision": 0.694090382387022,
        "recall": 0.599,
        "f1-score": 0.6430488459473966,
        "support": 1000.0
      },
      "social": {
        "precision": 0.8895486935866983,
        "recall": 0.749,
        "f1-score": 0.8132464712269273,
        "support": 1000.0
      },
      "tech": {
        "precision": 0.889247311827957,
        "recall": 0.827,
        "f1-score": 0.8569948186528498,
        "support": 1000.0
      },
      "travel": {
        "precision": 0.8983228511530398,
        "recall": 0.857,
        "f1-score": 0.8771750255885363,
        "support": 1000.0
      },
      "work": {
        "precision": 0.8813928182807399,
        "recall": 0.81,
        "f1-score": 0.8441896821261073,
        "support": 1000.0
      },
      "accuracy": 0.7645555555555555,
      "macro avg": {
        "precision": 0.80416624748528,
        "recall": 0.7645555555555555,
        "f1-score": 0.7785700175863358,
        "support": 9000.0
      },
      "weighted avg": {
        "precision": 0.8041662474852799,
        "recall": 0.7645555555555555,
        "f1-score": 0.7785700175863359,
        "support": 9000.0
      }
    },
    "constraint_stability": {
      "semi_stable": {
        "precision": 0.8397271952259164,
        "recall": 0.985,
        "f1-score": 0.9065807639208467,
        "support": 1000.0
      },
      "stable": {
        "precision": 0.992108229988726,
        "recall": 0.88,
        "f1-score": 0.9326974032856385,
        "support": 1000.0
      },
      "volatile": {
        "precision": 0.9840425531914894,
        "recall": 0.925,
        "f1-score": 0.9536082474226805,
        "support": 1000.0
      },
      "accuracy": 0.93,
      "macro avg": {
        "precision": 0.9386259928020438,
        "recall": 0.93,
        "f1-score": 0.930962138209722,
        "support": 3000.0
      },
      "weighted avg": {
        "precision": 0.9386259928020438,
        "recall": 0.93,
        "f1-score": 0.930962138209722,
        "support": 3000.0
      }
    },
    "constraint_type": {
      "causal": {
        "precision": 0.9103092783505154,
        "recall": 0.883,
        "f1-score": 0.8964467005076142,
        "support": 1000.0
      },
      "constraint_other": {
        "precision": 0.6884848484848485,
        "recall": 0.568,