{
  "family": "extractor",
  "split": "test",
  "overall": {
    "constraint_scope::finance": {
      "precision": 0.7591006423982869,
      "recall": 0.709,
      "f1-score": 0.733195449844881,
      "support": 1000.0
    },
    "constraint_scope::food": {
      "precision": 0.6905263157894737,
      "recall": 0.656,
      "f1-score": 0.6728205128205128,
      "support": 1000.0
    },
    "constraint_scope::general": {
      "precision": 0.2543640897755611,
      "recall": 0.408,
      "f1-score": 0.31336405529953915,
      "support": 1000.0
    },
    "constraint_scope::health": {
      "precision": 0.7533039647577092,
      "recall": 0.684,
      "f1-score": 0.7169811320754716,
      "support": 1000.0
    },
    "constraint_scope::none": {
      "precision": 0.32957393483709274,
      "recall": 0.263,
      "f1-score": 0.2925472747497219,
      "support": 1000.0
    },
    "constraint_scope::social": {
      "precision": 0.7396184062850729,
      "recall": 0.659,
      "f1-score": 0.6969857218402962,
      "support": 1000.0
    },
    "constraint_scope::tech": {
      "precision": 0.6791707798617966,
      "recall": 0.688,
      "f1-score": 0.6835568802781917,
      "support": 1000.0
    },
    "constraint_scope::travel": {
      "precision": 0.6817743490838959,
      "recall": 0.707,
      "f1-score": 0.6941580756013745,
      "support": 1000.0
    },
    "constraint_scope::work": {
      "precision": 0.6719278466741826,
      "recall": 0.596,
      "f1-score": 0.6316905140434552,
      "support": 1000.0
    },
    "constraint_stability::semi_stable": {
      "precision": 0.7162284678150499,
      "recall": 0.79,
      "f1-score": 0.7513076557299097,
      "support": 1000.0
    },
    "constraint_stability::stable": {
      "precision": 0.8403263403263403,
      "recall": 0.721,
      "f1-score": 0.7761033369214209,
      "support": 1000.0
    },
    "constraint_stability::volatile": {
      "precision": 0.7512054001928641,
      "recall": 0.779,
      "f1-score": 0.7648502700049091,
      "support": 1000.0
    },
    "constraint_type::causal": {
      "precision": 0.4570673712021136,
      "recall": 0.692,
      "f1-score": 0.5505171042163882,
      "support": 1000.0
    },
    "constraint_type::constraint_other": {
      "precision": 0.4098360655737705,
      "recall": 0.425,
      "f1-score": 0.4172803141875307,
      "support": 1000.0
    },
    "constraint_type::goal": {
      "precision": 0.8138888888888889,
      "recall": 0.586,
      "f1-score": 0.6813953488372093,
      "support": 1000.0
    },
    "constraint_type::none": {
      "precision": 0.3701618578465869,
      "recall": 0.526,
      "f1-score": 0.43453118546055347,
      "support": 1000.0
    },
    "constraint_type::policy": {
      "precision": 0.7790821771611526,
      "recall": 0.73,
      "f1-score": 0.7537429013939081,
      "support": 1000.0
    },
    "constraint_type::preference": {
      "precision": 0.640926640926641,
      "recall": 0.664,
      "f1-score": 0.6522593320235757,
      "support": 1000.0
    },
    "constraint_type::state": {
      "precision": 0.7102803738317757,
      "recall": 0.456,
      "f1-score": 0.5554202192448234,
      "support": 1000.0
    },
    "constraint_type::value": {
      "precision": 0.7914831130690162,
      "recall": 0.539,
      "f1-score": 0.6412849494348603,
      "support": 1000.0
    },
    "fact_type::identity": {
      "precision": 0.5688336520076482,
      "recall": 0.595,
      "f1-score": 0.581622678396872,
      "support": 1000.0
    },
    "fact_type::location": {
      "precision": 0.5677655677655677,
      "recall": 0.62,
      "f1-score": 0.5927342256214149,
      "support": 1000.0
    },
    "fact_type::none": {
      "precision": 0.48138297872340424,
      "recall": 0.543,
      "f1-score": 0.5103383458646616,
      "support": 1000.0
    },
    "fact_type::occupation": {
      "precision": 0.8050749711649365,
      "recall": 0.698,
      "f1-score": 0.7477236207820032,
      "support": 1000.0
    },
    "fact_type::other_fact": {
      "precision": 0.38824577025823687,
      "recall": 0.436,
      "f1-score": 0.4107395195478097,
      "support": 1000.0
    },
    "fact_type::preference": {
      "precision": 0.8756830601092896,
      "recall": 0.641,
      "f1-score": 0.7401847575057737,
      "support": 1000.0
    },
    "pii_presence::no_pii": {
      "precision": 0.9945967580548329,
      "recall": 0.994,
      "f1-score": 0.9942982894868461,
      "support": 5000.0
    },
    "pii_presence::pii": {
      "precision": 0.994208108647893,
      "recall": 0.9956,
      "f1-score": 0.9949035675027481,
      "support": 5000.0
    },
    "accuracy": 0.7155277777777778,
    "macro avg": {
      "precision": 0.6612727818938957,
      "recall": 0.6357357142857144,
      "f1-score": 0.6423763299541666,
      "support": 36000.0
    },
    "weighted avg": {
      "precision": 0.7353015933288883,
      "recall": 0.7155277777777778,
      "f1-score": 0.7206484629631956,
      "support": 36000.0
    }
  },
  "per_task": {
    "constraint_scope": {
      "finance": {
        "precision": 0.7623655913978494,
        "recall": 0.709,
        "f1-score": 0.7347150259067358,
        "support": 1000.0
      },
      "food": {
        "precision": 0.6956521739130435,
        "recall": 0.656,
        "f1-score": 0.6752444673185796,
        "support": 1000.0
      },
      "general": {
        "precision": 0.2543640897755611,
        "recall": 0.408,
        "f1-score": 0.31336405529953915,
        "support": 1000.0
      },
      "health": {
        "precision": 0.76,
        "recall": 0.684,
        "f1-score": 0.72,
        "support": 1000.0
      },
      "none": {
        "precision": 0.32957393483709274,
        "recall": 0.263,
        "f1-score": 0.2925472747497219,
        "support": 1000.0
      },
      "social": {
        "precision": 0.7437923250564334,
        "recall": 0.659,
        "f1-score": 0.6988335100742312,
        "support": 1000.0
      },
      "tech": {
        "precision": 0.6805143422354105,
        "recall": 0.688,
        "f1-score": 0.6842366981601193,
        "support": 1000.0
      },
      "travel": {
        "precision": 0.685077519379845,
        "recall": 0.707,
        "f1-score": 0.6958661417322834,
        "support": 1000.0
      },
      "work": {
        "precision": 0.6719278466741826,
        "recall": 0.596,
        "f1-score": 0.6316905140434552,
        "support": 1000.0
      },
      "micro avg": {
        "precision": 0.5972639305972639,
        "recall": 0.5966666666666667,
        "f1-score": 0.5969651492412873,
        "support": 9000.0
      },
      "macro avg": {
        "precision": 0.6203630914743797,
        "recall": 0.5966666666666667,
        "f1-score": 0.6051664096982962,
        "support": 9000.0
      },
      "weighted avg": {
        "precision": 0.6203630914743798,
        "recall": 0.5966666666666667,
        "f1-score": 0.6051664096982962,
        "support": 9000.0
      }
    },
    "constraint_stability": {
      "semi_stable": {
        "precision": 0.7162284678150499,
        "recall": 0.79,
        "f1-score": 0.7513076557299097,
        "support": 1000.0
      },
      "stable": {
        "precision": 0.8403263403263403,
        "recall": 0.721,
        "f1-score": 0.7761033369214209,
        "support": 1000.0
      },
      "volatile": {
        "precision": 0.7512054001928641,
        "recall": 0.779,
        "f1-score": 0.7648502700049091,
        "support": 1000.0
      },
      "micro avg": {
        "precision": 0.7638425617078052,
        "recall": 0.7633333333333333,
        "f1-score": 0.7635878626208736,
        "support": 3000.0
      },
      "macro avg": {
        "precision": 0.7692534027780847,
        "recall": 0.7633333333333333,
        "f1-score": 0.7640870875520799,
        "support": 3000.0
      },
      "weighted avg": {
        "precision": 0.7692534027780848,
        "recall": 0.7633333333333333,