{
  "family": "extractor",
  "split": "eval",
  "overall": {
    "constraint_scope::finance": {
      "precision": 0.8181818181818182,
      "recall": 0.9,
      "f1-score": 0.8571428571428571,
      "support": 10.0
    },
    "constraint_scope::food": {
      "precision": 0.5454545454545454,
      "recall": 0.6,
      "f1-score": 0.5714285714285714,
      "support": 10.0
    },
    "constraint_scope::general": {
      "precision": 0.8333333333333334,
      "recall": 0.9090909090909091,
      "f1-score": 0.8695652173913043,
      "support": 11.0
    },
    "constraint_scope::health": {
      "precision": 0.8333333333333334,
      "recall": 0.5,
      "f1-score": 0.625,
      "support": 10.0
    },
    "constraint_scope::none": {
      "precision": 0.5,
      "recall": 0.6,
      "f1-score": 0.5454545454545454,
      "support": 10.0
    },
    "constraint_scope::social": {
      "precision": 0.6666666666666666,
      "recall": 0.6,
      "f1-score": 0.631578947368421,
      "support": 10.0
    },
    "constraint_scope::tech": {
      "precision": 0.7142857142857143,
      "recall": 0.9090909090909091,
      "f1-score": 0.8,
      "support": 11.0
    },
    "constraint_scope::travel": {
      "precision": 0.6666666666666666,
      "recall": 0.8,
      "f1-score": 0.7272727272727273,
      "support": 10.0
    },
    "constraint_scope::work": {
      "precision": 0.8,
      "recall": 0.36363636363636365,
      "f1-score": 0.5,
      "support": 11.0
    },
    "constraint_stability::semi_stable": {
      "precision": 1.0,
      "recall": 0.9,
      "f1-score": 0.9473684210526315,
      "support": 10.0
    },
    "constraint_stability::stable": {
      "precision": 0.9090909090909091,
      "recall": 1.0,
      "f1-score": 0.9523809523809523,
      "support": 10.0
    },
    "constraint_stability::volatile": {
      "precision": 1.0,
      "recall": 1.0,
      "f1-score": 1.0,
      "support": 10.0
    },
    "constraint_type::causal": {
      "precision": 0.75,
      "recall": 0.9,
      "f1-score": 0.8181818181818182,
      "support": 10.0
    },
    "constraint_type::constraint_other": {
      "precision": 0.75,
      "recall": 0.6,
      "f1-score": 0.6666666666666666,
      "support": 10.0
    },
    "constraint_type::goal": {
      "precision": 1.0,
      "recall": 0.5454545454545454,
      "f1-score": 0.7058823529411765,
      "support": 11.0
    },
    "constraint_type::none": {
      "precision": 0.6428571428571429,
      "recall": 0.9,
      "f1-score": 0.75,
      "support": 10.0
    },
    "constraint_type::policy": {
      "precision": 0.8181818181818182,
      "recall": 0.8181818181818182,
      "f1-score": 0.8181818181818182,
      "support": 11.0
    },
    "constraint_type::preference": {
      "precision": 1.0,
      "recall": 0.8181818181818182,
      "f1-score": 0.9,
      "support": 11.0
    },
    "constraint_type::state": {
      "precision": 0.7272727272727273,
      "recall": 0.8,
      "f1-score": 0.7619047619047619,
      "support": 10.0
    },
    "constraint_type::value": {
      "precision": 0.6153846153846154,
      "recall": 0.8,
      "f1-score": 0.6956521739130435,
      "support": 10.0
    },
    "fact_type::identity": {
      "precision": 0.6428571428571429,
      "recall": 0.9,
      "f1-score": 0.75,
      "support": 10.0
    },
    "fact_type::location": {
      "precision": 1.0,
      "recall": 0.5454545454545454,
      "f1-score": 0.7058823529411765,
      "support": 11.0
    },
    "fact_type::none": {
      "precision": 0.5,
      "recall": 0.5,
      "f1-score": 0.5,
      "support": 10.0
    },
    "fact_type::occupation": {
      "precision": 0.5,
      "recall": 0.5,
      "f1-score": 0.5,
      "support": 10.0
    },
    "fact_type::other_fact": {
      "precision": 0.5454545454545454,
      "recall": 0.6,
      "f1-score": 0.5714285714285714,
      "support": 10.0
    },
    "fact_type::preference": {
      "precision": 0.7272727272727273,
      "recall": 0.8,
      "f1-score": 0.7619047619047619,
      "support": 10.0
    },
    "pii_presence::no_pii": {
      "precision": 1.0,
      "recall": 0.994,
      "f1-score": 0.9969909729187563,
      "support": 500.0
    },
    "pii_presence::pii": {
      "precision": 0.9960159362549801,
      "recall": 1.0,
      "f1-score": 0.998003992015968,
      "support": 500.0
    },
    "accuracy": 0.941594317284925,
    "macro avg": {
      "precision": 0.7679396300910246,
      "recall": 0.7536818181818183,
      "f1-score": 0.7474240172318047,
      "support": 1267.0
    },
    "weighted avg": {
      "precision": 0.9465167372188065,
      "recall": 0.941594317284925,
      "f1-score": 0.9409043167990336,
      "support": 1267.0
    }
  },
  "per_task": {
    "constraint_scope": {
      "finance": {
        "precision": 0.8181818181818182,
        "recall": 0.9,
        "f1-score": 0.8571428571428571,
        "support": 10.0
      },
      "food": {
        "precision": 0.5454545454545454,
        "recall": 0.6,
        "f1-score": 0.5714285714285714,
        "support": 10.0
      },
      "general": {
        "precision": 0.8333333333333334,
        "recall": 0.9090909090909091,
        "f1-score": 0.8695652173913043,
        "support": 11.0
      },
      "health": {
        "precision": 0.8333333333333334,
        "recall": 0.5,
        "f1-score": 0.625,
        "support": 10.0
      },
      "none": {
        "precision": 0.5,
        "recall": 0.6,
        "f1-score": 0.5454545454545454,
        "support": 10.0
      },
      "social": {
        "precision": 0.6666666666666666,
        "recall": 0.6,
        "f1-score": 0.631578947368421,
        "support": 10.0
      },
      "tech": {
        "precision": 0.7142857142857143,
        "recall": 0.9090909090909091,
        "f1-score": 0.8,
        "support": 11.0
      },
      "travel": {
        "precision": 0.6666666666666666,
        "recall": 0.8,
        "f1-score": 0.7272727272727273,
        "support": 10.0
      },
      "work": {
        "precision": 0.8,
        "recall": 0.36363636363636365,
        "f1-score": 0.5,
        "support": 11.0
      },
      "micro avg": {
        "precision": 0.6956521739130435,
        "recall": 0.6881720430107527,
        "f1-score": 0.6918918918918919,
        "support": 93.0
      },
      "macro avg": {
        "precision": 0.7086580086580087,
        "recall": 0.6868686868686869,
        "f1-score": 0.6808269851176029,
        "support": 93.0
      },
      "weighted avg": {
        "precision": 0.7110412884606433,
        "recall": 0.6881720430107527,
        "f1-score": 0.6821934825588771,
        "support": 93.0
      }
    },
    "constraint_stability": {
      "semi_stable": {
        "precision": 1.0,
        "recall": 0.9,
        "f1-score": 0.9473684210526315,
        "support": 10.0
      },
      "stable": {
        "precision": 0.9090909090909091,
        "recall": 1.0,
        "f1-score": 0.9523809523809523,
        "support": 10.0
      },
      "volatile": {
        "precision": 1.0,
        "recall": 1.0,
        "f1-score": 1.0,
        "support": 10.0
      },
      "accuracy": 0.9666666666666667,
      "macro avg": {
        "precision": 0.9696969696969697,
        "recall": 0.9666666666666667,
        "f1-score": 0.9665831244778613,
        "support": 30.0
      },
      "weighted avg": {
        "precision": 0.9696969696969696,
        "recall": 0.9666666666666667,
        "f1-score": 0.9665831244778613,
        "support": 30.0
      }
    },
    "constraint_type": {
      "causal": {
        "precision": 0.75,
        "recall": 0.9,
        "f1-score": 0.8181818181818182,
        "support": 10.0
      },
      "constraint_other": {
        "precision": 0.75,
        "recall": 0.6,
        "f1-score": 0.6666666666666666,
        "support": 10.0
      },
      "goal": {
        "precision": 1.0,
        "recall": 0.5454545454545454,
        "f1-score": 0.7058823529411765,
        "support": 11.0
      },