{
  "family": "extractor",
  "split": "test",
  "overall": {
    "constraint_scope::finance": {
      "precision": 0.7272727272727273,
      "recall": 0.8,
      "f1-score": 0.7619047619047619,
      "support": 10.0
    },
    "constraint_scope::food": {
      "precision": 0.5882352941176471,
      "recall": 1.0,
      "f1-score": 0.7407407407407407,
      "support": 10.0
    },
    "constraint_scope::general": {
      "precision": 0.875,
      "recall": 0.7,
      "f1-score": 0.7777777777777778,
      "support": 10.0
    },
    "constraint_scope::health": {
      "precision": 0.6666666666666666,
      "recall": 1.0,
      "f1-score": 0.8,
      "support": 10.0
    },
    "constraint_scope::none": {
      "precision": 1.0,
      "recall": 0.6,
      "f1-score": 0.75,
      "support": 10.0
    },
    "constraint_scope::social": {
      "precision": 1.0,
      "recall": 0.6,
      "f1-score": 0.75,
      "support": 10.0
    },
    "constraint_scope::tech": {
      "precision": 1.0,
      "recall": 0.8,
      "f1-score": 0.8888888888888888,
      "support": 10.0
    },
    "constraint_scope::travel": {
      "precision": 0.7272727272727273,
      "recall": 0.8,
      "f1-score": 0.7619047619047619,
      "support": 10.0
    },
    "constraint_scope::work": {
      "precision": 0.75,
      "recall": 0.6,
      "f1-score": 0.6666666666666666,
      "support": 10.0
    },
    "constraint_stability::semi_stable": {
      "precision": 0.8181818181818182,
      "recall": 0.9,
      "f1-score": 0.8571428571428571,
      "support": 10.0
    },
    "constraint_stability::stable": {
      "precision": 1.0,
      "recall": 0.6,
      "f1-score": 0.75,
      "support": 10.0
    },
    "constraint_stability::volatile": {
      "precision": 0.6923076923076923,
      "recall": 0.9,
      "f1-score": 0.782608695652174,
      "support": 10.0
    },
    "constraint_type::causal": {
      "precision": 0.7272727272727273,
      "recall": 0.8,
      "f1-score": 0.7619047619047619,
      "support": 10.0
    },
    "constraint_type::constraint_other": {
      "precision": 0.8333333333333334,
      "recall": 0.5,
      "f1-score": 0.625,
      "support": 10.0
    },
    "constraint_type::goal": {
      "precision": 0.5,
      "recall": 0.3,
      "f1-score": 0.375,
      "support": 10.0
    },
    "constraint_type::none": {
      "precision": 0.7142857142857143,
      "recall": 0.5,
      "f1-score": 0.5882352941176471,
      "support": 10.0
    },
    "constraint_type::policy": {
      "precision": 0.8888888888888888,
      "recall": 0.8,
      "f1-score": 0.8421052631578947,
      "support": 10.0
    },
    "constraint_type::preference": {
      "precision": 0.75,
      "recall": 0.9,
      "f1-score": 0.8181818181818182,
      "support": 10.0
    },
    "constraint_type::state": {
      "precision": 0.875,
      "recall": 0.7,
      "f1-score": 0.7777777777777778,
      "support": 10.0
    },
    "constraint_type::value": {
      "precision": 0.3181818181818182,
      "recall": 0.7,
      "f1-score": 0.4375,
      "support": 10.0
    },
    "fact_type::identity": {
      "precision": 0.875,
      "recall": 0.7,
      "f1-score": 0.7777777777777778,
      "support": 10.0
    },
    "fact_type::location": {
      "precision": 0.8181818181818182,
      "recall": 0.9,
      "f1-score": 0.8571428571428571,
      "support": 10.0
    },
    "fact_type::none": {
      "precision": 0.5555555555555556,
      "recall": 0.5,
      "f1-score": 0.5263157894736842,
      "support": 10.0
    },
    "fact_type::occupation": {
      "precision": 0.6666666666666666,
      "recall": 0.4,
      "f1-score": 0.5,
      "support": 10.0
    },
    "fact_type::other_fact": {
      "precision": 0.7142857142857143,
      "recall": 0.5,
      "f1-score": 0.5882352941176471,
      "support": 10.0
    },
    "fact_type::preference": {
      "precision": 0.3157894736842105,
      "recall": 0.6,
      "f1-score": 0.41379310344827586,
      "support": 10.0
    },
    "pii_presence::no_pii": {
      "precision": 0.9742063492063492,
      "recall": 0.982,
      "f1-score": 0.9780876494023905,
      "support": 500.0
    },
    "pii_presence::pii": {
      "precision": 0.9838383838383838,
      "recall": 0.974,
      "f1-score": 0.978894472361809,
      "support": 500.0
    },
    "accuracy": 0.9198412698412698,
    "macro avg": {
      "precision": 0.7626936917571593,
      "recall": 0.7162857142857143,
      "f1-score": 0.7190566789122491,
      "support": 1260.0
    },
    "weighted avg": {
      "precision": 0.9309493276856537,
      "recall": 0.9198412698412698,
      "f1-score": 0.9208389759999107,
      "support": 1260.0
    }
  },
  "per_task": {
    "constraint_scope": {
      "finance": {
        "precision": 0.8,
        "recall": 0.8,
        "f1-score": 0.8,
        "support": 10.0
      },
      "food": {
        "precision": 0.5882352941176471,
        "recall": 1.0,
        "f1-score": 0.7407407407407407,
        "support": 10.0
      },
      "general": {
        "precision": 0.875,
        "recall": 0.7,
        "f1-score": 0.7777777777777778,
        "support": 10.0
      },
      "health": {
        "precision": 0.6666666666666666,
        "recall": 1.0,
        "f1-score": 0.8,
        "support": 10.0
      },
      "none": {
        "precision": 1.0,
        "recall": 0.6,
        "f1-score": 0.75,
        "support": 10.0
      },
      "social": {
        "precision": 1.0,
        "recall": 0.6,
        "f1-score": 0.75,
        "support": 10.0
      },
      "tech": {
        "precision": 1.0,
        "recall": 0.8,
        "f1-score": 0.8888888888888888,
        "support": 10.0
      },
      "travel": {
        "precision": 0.7272727272727273,
        "recall": 0.8,
        "f1-score": 0.7619047619047619,
        "support": 10.0
      },
      "work": {
        "precision": 0.75,
        "recall": 0.6,
        "f1-score": 0.6666666666666666,
        "support": 10.0
      },
      "micro avg": {
        "precision": 0.7752808988764045,
        "recall": 0.7666666666666667,
        "f1-score": 0.770949720670391,
        "support": 90.0
      },
      "macro avg": {
        "precision": 0.8230194097841157,
        "recall": 0.7666666666666666,
        "f1-score": 0.7706643151087595,
        "support": 90.0
      },
      "weighted avg": {
        "precision": 0.8230194097841156,
        "recall": 0.7666666666666667,
        "f1-score": 0.7706643151087594,
        "support": 90.0
      }
    },
    "constraint_stability": {
      "semi_stable": {
        "precision": 0.8181818181818182,
        "recall": 0.9,
        "f1-score": 0.8571428571428571,
        "support": 10.0
      },
      "stable": {
        "precision": 1.0,
        "recall": 0.6,
        "f1-score": 0.75,
        "support": 10.0
      },
      "volatile": {
        "precision": 0.6923076923076923,
        "recall": 0.9,
        "f1-score": 0.782608695652174,
        "support": 10.0
      },
      "accuracy": 0.8,
      "macro avg": {
        "precision": 0.8368298368298369,
        "recall": 0.7999999999999999,
        "f1-score": 0.796583850931677,
        "support": 30.0
      },
      "weighted avg": {
        "precision": 0.8368298368298368,
        "recall": 0.8,
        "f1-score": 0.7965838509316769,
        "support": 30.0
      }
    },
    "constraint_type": {
      "causal": {
        "precision": 0.7272727272727273,
        "recall": 0.8,
        "f1-score": 0.7619047619047619,
        "support": 10.0
      },
      "constraint_other": {
        "precision": 0.8333333333333334,
        "recall": 0.5,
        "f1-score": 0.625,
        "support": 10.0
      },
      "goal": {
        "precision": 0.6,
        "recall": 0.3,
        "f1-score": 0.4,
        "support": 10.0
      },
      "none": {
        "precision": 0.7142857142857143,
        "recall": 0.5,
        "f1-score": 0.5882352941176471,
        "support": 10.0
      },
      "policy": {
        "precision": 0.8888888888888888,