{
  "family": "extractor",
  "epoch_stats": [
    {
      "epoch": 1,
      "train_loss": 0.7838118337184135,
      "train_accuracy": 0.8839131944444445,
      "train_macro_f1": 0.8584530623585159,
      "train_weighted_f1": 0.8884797861454622,
      "valid_loss": 0.8280714377565362,
      "valid_accuracy": 0.8430555555555556,
      "valid_macro_f1": 0.8062518001632245,
      "valid_weighted_f1": 0.8471310842457758,
      "monitor_metric": "macro_f1",
      "monitor_value": 0.8062518001632245,
      "improved": true
    },
    {
      "epoch": 2,
      "train_loss": 0.7849364389264006,
      "train_accuracy": 0.8849791666666667,
      "train_macro_f1": 0.8594739193355608,
      "train_weighted_f1": 0.889323780844707,
      "valid_loss": 0.829038431612362,
      "valid_accuracy": 0.8440833333333333,
      "valid_macro_f1": 0.807027740637056,
      "valid_weighted_f1": 0.8477790389031171,
      "monitor_metric": "macro_f1",
      "monitor_value": 0.807027740637056,
      "improved": false
    },
    {
      "epoch": 3,
      "train_loss": 0.7856220693583384,
      "train_accuracy": 0.8851805555555555,
      "train_macro_f1": 0.8596914910901113,
      "train_weighted_f1": 0.8895221885992313,
      "valid_loss": 0.8295682373088806,
      "valid_accuracy": 0.8441666666666666,
      "valid_macro_f1": 0.8070386503503933,
      "valid_weighted_f1": 0.8478541919533044,
      "monitor_metric": "macro_f1",
      "monitor_value": 0.8070386503503933,
      "improved": false
    },
    {
      "epoch": 4,
      "train_loss": 0.7860802780520264,
      "train_accuracy": 0.8851805555555555,
      "train_macro_f1": 0.8596779897093354,
      "train_weighted_f1": 0.8895158616889157,
      "valid_loss": 0.8299170812716214,
      "valid_accuracy": 0.8442777777777778,
      "valid_macro_f1": 0.8071218008950726,
      "valid_weighted_f1": 0.8479633095048963,
      "monitor_metric": "macro_f1",
      "monitor_value": 0.8071218008950726,
      "improved": false
    }
  ]
}