{
  "family": "extractor",
  "split": "eval",
  "overall": {
    "constraint_scope::finance": {
      "precision": 0.8958333333333334,
      "recall": 0.7678571428571429,
      "f1-score": 0.8269230769230769,
      "support": 56.0
    },
    "constraint_scope::food": {
      "precision": 0.9611111111111111,
      "recall": 0.7654867256637168,
      "f1-score": 0.8522167487684729,
      "support": 226.0
    },
    "constraint_scope::general": {
      "precision": 0.817258883248731,
      "recall": 0.966,
      "f1-score": 0.8854262144821264,
      "support": 500.0
    },
    "constraint_scope::health": {
      "precision": 0.7222222222222222,
      "recall": 0.7222222222222222,
      "f1-score": 0.7222222222222222,
      "support": 36.0
    },
    "constraint_scope::none": {
      "precision": 0.027777777777777776,
      "recall": 0.034482758620689655,
      "f1-score": 0.03076923076923077,
      "support": 29.0
    },
    "constraint_scope::social": {
      "precision": 0.9642857142857143,
      "recall": 0.9101123595505618,
      "f1-score": 0.9364161849710982,
      "support": 89.0
    },
    "constraint_scope::tech": {
      "precision": 0.52,
      "recall": 0.4482758620689655,
      "f1-score": 0.48148148148148145,
      "support": 29.0
    },
    "constraint_scope::travel": {
      "precision": 0.8125,
      "recall": 0.48148148148148145,
      "f1-score": 0.6046511627906976,
      "support": 27.0
    },
    "constraint_scope::work": {
      "precision": 0.8932038834951457,
      "recall": 0.8288288288288288,
      "f1-score": 0.8598130841121495,
      "support": 111.0
    },
    "constraint_type::causal": {
      "precision": 0.8785046728971962,
      "recall": 0.94,
      "f1-score": 0.9082125603864735,
      "support": 100.0
    },
    "constraint_type::constraint_other": {
      "precision": 0.9723320158102767,
      "recall": 0.984,
      "f1-score": 0.9781312127236581,
      "support": 500.0
    },
    "constraint_type::goal": {
      "precision": 0.723404255319149,
      "recall": 0.9444444444444444,
      "f1-score": 0.8192771084337349,
      "support": 36.0
    },
    "constraint_type::none": {
      "precision": 0.041666666666666664,
      "recall": 0.034482758620689655,
      "f1-score": 0.03773584905660377,
      "support": 29.0
    },
    "constraint_type::policy": {
      "precision": 0.9496644295302014,
      "recall": 0.930921052631579,
      "f1-score": 0.9401993355481728,
      "support": 304.0
    },
    "constraint_type::preference": {
      "precision": 0.9799554565701559,
      "recall": 0.962800875273523,
      "f1-score": 0.9713024282560706,
      "support": 457.0
    },
    "constraint_type::state": {
      "precision": 0.9125,
      "recall": 0.9012345679012346,
      "f1-score": 0.906832298136646,
      "support": 81.0
    },
    "constraint_type::value": {
      "precision": 0.7,
      "recall": 1.0,
      "f1-score": 0.8235294117647058,
      "support": 7.0
    },
    "fact_type::identity": {
      "precision": 0.6111111111111112,
      "recall": 0.5555555555555556,
      "f1-score": 0.582010582010582,
      "support": 198.0
    },
    "fact_type::location": {
      "precision": 0.9191176470588235,
      "recall": 0.9057971014492754,
      "f1-score": 0.9124087591240876,
      "support": 138.0
    },
    "fact_type::none": {
      "precision": 0.06976744186046512,
      "recall": 0.13043478260869565,
      "f1-score": 0.09090909090909091,
      "support": 23.0
    },
    "fact_type::occupation": {
      "precision": 0.7352941176470589,
      "recall": 0.8620689655172413,
      "f1-score": 0.7936507936507936,
      "support": 29.0
    },
    "fact_type::other_fact": {
      "precision": 0.8333333333333334,
      "recall": 0.85,
      "f1-score": 0.8415841584158416,
      "support": 500.0
    },
    "fact_type::preference": {
      "precision": 0.9937888198757764,
      "recall": 0.96,
      "f1-score": 0.9766022380467956,
      "support": 500.0
    },
    "pii_presence::no_pii": {
      "precision": 0.9581673306772909,
      "recall": 0.962,
      "f1-score": 0.9600798403193613,
      "support": 500.0
    },
    "pii_presence::pii": {
      "precision": 1.0,
      "recall": 0.954,
      "f1-score": 0.9764585465711362,
      "support": 500.0
    },
    "accuracy": 0.8941058941058941,
    "macro avg": {
      "precision": 0.7557120089532617,
      "recall": 0.752099499411834,
      "f1-score": 0.7487537447949724,
      "support": 5005.0
    },
    "weighted avg": {
      "precision": 0.9000651317399372,
      "recall": 0.8941058941058941,
      "f1-score": 0.8952251178977657,
      "support": 5005.0
    }
  },
  "per_task": {
    "constraint_scope": {
      "finance": {
        "precision": 0.9772727272727273,
        "recall": 0.7678571428571429,
        "f1-score": 0.86,
        "support": 56.0
      },
      "food": {
        "precision": 0.9611111111111111,
        "recall": 0.7654867256637168,
        "f1-score": 0.8522167487684729,
        "support": 226.0
      },
      "general": {
        "precision": 0.817258883248731,
        "recall": 0.966,
        "f1-score": 0.8854262144821264,
        "support": 500.0
      },
      "health": {
        "precision": 0.9285714285714286,
        "recall": 0.7222222222222222,
        "f1-score": 0.8125,
        "support": 36.0
      },
      "none": {
        "precision": 0.2,
        "recall": 0.034482758620689655,
        "f1-score": 0.058823529411764705,
        "support": 29.0
      },
      "social": {
        "precision": 0.9642857142857143,
        "recall": 0.9101123595505618,
        "f1-score": 0.9364161849710982,
        "support": 89.0
      },
      "tech": {
        "precision": 0.8666666666666667,
        "recall": 0.4482758620689655,
        "f1-score": 0.5909090909090909,
        "support": 29.0
      },
      "travel": {
        "precision": 1.0,
        "recall": 0.48148148148148145,
        "f1-score": 0.65,
        "support": 27.0
      },
      "work": {
        "precision": 0.92,
        "recall": 0.8288288288288288,
        "f1-score": 0.8720379146919431,
        "support": 111.0
      },
      "micro avg": {
        "precision": 0.8726415094339622,
        "recall": 0.8386219401631912,
        "f1-score": 0.8552935737401757,
        "support": 1103.0
      },
      "macro avg": {
        "precision": 0.8483518367951532,
        "recall": 0.6583052645881787,
        "f1-score": 0.7242588536927219,
        "support": 1103.0
      },
      "weighted avg": {
        "precision": 0.8702367713473097,
        "recall": 0.8386219401631912,
        "f1-score": 0.8424783204399603,
        "support": 1103.0
      }
    },
    "constraint_type": {
      "causal": {
        "precision": 0.94,
        "recall": 0.94,
        "f1-score": 0.94,
        "support": 100.0
      },
      "constraint_other": {
        "precision": 0.9723320158102767,
        "recall": 0.984,
        "f1-score": 0.9781312127236581,
        "support": 500.0
      },
      "goal": {
        "precision": 0.9714285714285714,
        "recall": 0.9444444444444444,
        "f1-score": 0.9577464788732394,
        "support": 36.0
      },
      "none": {
        "precision": 0.5,
        "recall": 0.034482758620689655,
        "f1-score": 0.06451612903225806,
        "support": 29.0
      },
      "policy": {
        "precision": 0.9593220338983051,
        "recall": 0.930921052631579,
        "f1-score": 0.9449081803005008,
        "support": 304.0
      },
      "preference": {
        "precision": 0.9821428571428571,
        "recall": 0.962800875273523,
        "f1-score": 0.9723756906077348,
        "support": 457.0
      },
      "state": {
        "precision": 0.948051948051948,
        "recall": 0.9012345679012346,
        "f1-score": 0.9240506329113924,
        "support": 81.0
      },
      "value": {
        "precision": 0.875,
        "recall": 1.0,
        "f1-score": 0.9333333333333333,
        "support": 7.0
      },
      "micro avg": {
        "precision": 0.9680489462950373,