{
  "family": "extractor",
  "split": "test",
  "overall": {
    "constraint_scope::finance": {
      "precision": 0.5603864734299517,
      "recall": 0.58,
      "f1-score": 0.5700245700245701,
      "support": 1000.0
    },
    "constraint_scope::food": {
      "precision": 0.5462264150943397,
      "recall": 0.579,
      "f1-score": 0.5621359223300971,
      "support": 1000.0
    },
    "constraint_scope::general": {
      "precision": 0.24151696606786427,
      "recall": 0.242,
      "f1-score": 0.24175824175824176,
      "support": 1000.0
    },
    "constraint_scope::health": {
      "precision": 0.5302166476624858,
      "recall": 0.465,
      "f1-score": 0.4954714970697922,
      "support": 1000.0
    },
    "constraint_scope::none": {
      "precision": 0.20693391115926327,
      "recall": 0.191,
      "f1-score": 0.19864794591783672,
      "support": 1000.0
    },
    "constraint_scope::social": {
      "precision": 0.3213957759412305,
      "recall": 0.35,
      "f1-score": 0.3350885591191958,
      "support": 1000.0
    },
    "constraint_scope::tech": {
      "precision": 0.5062056737588653,
      "recall": 0.571,
      "f1-score": 0.5366541353383458,
      "support": 1000.0
    },
    "constraint_scope::travel": {
      "precision": 0.5331991951710262,
      "recall": 0.53,
      "f1-score": 0.5315947843530592,
      "support": 1000.0
    },
    "constraint_scope::work": {
      "precision": 0.45484581497797355,
      "recall": 0.413,
      "f1-score": 0.4329140461215933,
      "support": 1000.0
    },
    "constraint_stability::semi_stable": {
      "precision": 0.5617154811715481,
      "recall": 0.537,
      "f1-score": 0.549079754601227,
      "support": 1000.0
    },
    "constraint_stability::stable": {
      "precision": 0.5844027640671273,
      "recall": 0.592,
      "f1-score": 0.5881768504719325,
      "support": 1000.0
    },
    "constraint_stability::volatile": {
      "precision": 0.6359223300970874,
      "recall": 0.655,
      "f1-score": 0.645320197044335,
      "support": 1000.0
    },
    "constraint_type::causal": {
      "precision": 0.35348837209302325,
      "recall": 0.456,
      "f1-score": 0.3982532751091703,
      "support": 1000.0
    },
    "constraint_type::constraint_other": {
      "precision": 0.20585625554569653,
      "recall": 0.232,
      "f1-score": 0.21814762576398683,
      "support": 1000.0
    },
    "constraint_type::goal": {
      "precision": 0.24906785980611484,
      "recall": 0.334,
      "f1-score": 0.28534814181973517,
      "support": 1000.0
    },
    "constraint_type::none": {
      "precision": 0.2758229284903519,
      "recall": 0.243,
      "f1-score": 0.2583732057416268,
      "support": 1000.0
    },
    "constraint_type::policy": {
      "precision": 0.54,
      "recall": 0.486,
      "f1-score": 0.511578947368421,
      "support": 1000.0
    },
    "constraint_type::preference": {
      "precision": 0.35,
      "recall": 0.364,
      "f1-score": 0.3568627450980392,
      "support": 1000.0
    },
    "constraint_type::state": {
      "precision": 0.19862227324913892,
      "recall": 0.173,
      "f1-score": 0.18492784607161947,
      "support": 1000.0
    },
    "constraint_type::value": {
      "precision": 0.313543599257885,
      "recall": 0.169,
      "f1-score": 0.21962313190383365,
      "support": 1000.0
    },
    "fact_type::identity": {
      "precision": 0.5051546391752577,
      "recall": 0.343,
      "f1-score": 0.40857653365098273,
      "support": 1000.0
    },
    "fact_type::location": {
      "precision": 0.5435380384967919,
      "recall": 0.593,
      "f1-score": 0.5671927307508369,
      "support": 1000.0
    },
    "fact_type::none": {
      "precision": 0.2989010989010989,
      "recall": 0.272,
      "f1-score": 0.2848167539267016,
      "support": 1000.0
    },
    "fact_type::occupation": {
      "precision": 0.5027472527472527,
      "recall": 0.549,
      "f1-score": 0.5248565965583174,
      "support": 1000.0
    },
    "fact_type::other_fact": {
      "precision": 0.2957854406130268,
      "recall": 0.386,
      "f1-score": 0.3349240780911063,
      "support": 1000.0
    },
    "fact_type::preference": {
      "precision": 0.515778019586507,
      "recall": 0.474,
      "f1-score": 0.4940072954663887,
      "support": 1000.0
    },
    "pii_presence::no_pii": {
      "precision": 0.9957898957497995,
      "recall": 0.9934,
      "f1-score": 0.9945935122146576,
      "support": 5000.0
    },
    "pii_presence::pii": {
      "precision": 0.99341580207502,
      "recall": 0.9958,
      "f1-score": 0.99460647223332,
      "support": 5000.0
    },
    "accuracy": 0.5756944444444444,
    "macro avg": {
      "precision": 0.4578742472994904,
      "recall": 0.4560071428571429,
      "f1-score": 0.45441269271139184,
      "support": 36000.0
    },
    "weighted avg": {
      "precision": 0.577147269880139,
      "recall": 0.5756944444444444,
      "f1-score": 0.5744543148253022,
      "support": 36000.0
    }
  },
  "per_task": {
    "constraint_scope": {
      "finance": {
        "precision": 0.562015503875969,
        "recall": 0.58,
        "f1-score": 0.5708661417322834,
        "support": 1000.0
      },
      "food": {
        "precision": 0.5482954545454546,
        "recall": 0.579,
        "f1-score": 0.5632295719844358,
        "support": 1000.0
      },
      "general": {
        "precision": 0.24151696606786427,
        "recall": 0.242,
        "f1-score": 0.24175824175824176,
        "support": 1000.0
      },
      "health": {
        "precision": 0.5308219178082192,
        "recall": 0.465,
        "f1-score": 0.4957356076759062,
        "support": 1000.0
      },
      "none": {
        "precision": 0.20693391115926327,
        "recall": 0.191,
        "f1-score": 0.19864794591783672,
        "support": 1000.0
      },
      "social": {
        "precision": 0.32169117647058826,
        "recall": 0.35,
        "f1-score": 0.33524904214559387,
        "support": 1000.0
      },
      "tech": {
        "precision": 0.5080071174377224,
        "recall": 0.571,
        "f1-score": 0.5376647834274952,
        "support": 1000.0
      },
      "travel": {
        "precision": 0.5358948432760364,
        "recall": 0.53,
        "f1-score": 0.5329311211664153,
        "support": 1000.0
      },
      "work": {
        "precision": 0.4553472987872106,
        "recall": 0.413,
        "f1-score": 0.43314105925537494,
        "support": 1000.0
      },
      "micro avg": {
        "precision": 0.4358119373124375,
        "recall": 0.43566666666666665,
        "f1-score": 0.43573928988164695,
        "support": 9000.0
      },
      "macro avg": {
        "precision": 0.43450268771425865,
        "recall": 0.43566666666666665,
        "f1-score": 0.43435816834039814,
        "support": 9000.0
      },
      "weighted avg": {
        "precision": 0.43450268771425865,
        "recall": 0.43566666666666665,
        "f1-score": 0.43435816834039814,
        "support": 9000.0
      }
    },
    "constraint_stability": {
      "semi_stable": {
        "precision": 0.5617154811715481,
        "recall": 0.537,
        "f1-score": 0.549079754601227,
        "support": 1000.0
      },
      "stable": {
        "precision": 0.5844027640671273,
        "recall": 0.592,
        "f1-score": 0.5881768504719325,
        "support": 1000.0
      },
      "volatile": {
        "precision": 0.6359223300970874,
        "recall": 0.655,
        "f1-score": 0.645320197044335,
        "support": 1000.0
      },
      "micro avg": {
        "precision": 0.594864954984995,
        "recall": 0.5946666666666667,
        "f1-score": 0.5947657942990499,
        "support": 3000.0
      },
      "macro avg": {
        "precision": 0.594013525111921,
        "recall": 0.5946666666666667,
        "f1-score": 0.5941922673724981,
        "support": 3000.0
      },
      "weighted avg": {
        "precision": 0.5940135251119211,
        "recall": 0.5946666666666667,