{
  "family": "extractor",
  "epoch_stats": [
    {
      "epoch": 1,
      "train_loss": 0.07315772398985448,
      "train_accuracy": 0.99853125,
      "train_macro_f1": 0.9996223213855515,
      "train_weighted_f1": 0.9985312498327003,
      "valid_loss": 0.07041331365379355,
      "valid_accuracy": 0.9979444444444444,
      "valid_macro_f1": 0.9994714282331426,
      "valid_weighted_f1": 0.9979444431288881,
      "monitor_metric": "macro_f1",
      "monitor_value": 0.9994714282331426,
      "improved": true
    },
    {
      "epoch": 2,
      "train_loss": 0.0711101974668768,
      "train_accuracy": 0.9985208333333333,
      "train_macro_f1": 0.9996196427884408,
      "train_weighted_f1": 0.9985208330661588,
      "valid_loss": 0.06897592992816216,
      "valid_accuracy": 0.9979444444444444,
      "valid_macro_f1": 0.9994714280428567,
      "valid_weighted_f1": 0.9979444423888868,
      "monitor_metric": "macro_f1",
      "monitor_value": 0.9994714280428567,
      "improved": false
    },
    {
      "epoch": 3,
      "train_loss": 0.07004518600682323,
      "train_accuracy": 0.9984861111111111,
      "train_macro_f1": 0.9996107141883928,
      "train_weighted_f1": 0.9984861107326388,
      "valid_loss": 0.06820225017111697,
      "valid_accuracy": 0.9979444444444444,
      "valid_macro_f1": 0.9994714280428567,
      "valid_weighted_f1": 0.9979444423888868,
      "monitor_metric": "macro_f1",
      "monitor_value": 0.9994714280428567,
      "improved": false
    },
    {
      "epoch": 4,
      "train_loss": 0.06934787533003972,
      "train_accuracy": 0.9984826388888889,
      "train_macro_f1": 0.9996098213260886,
      "train_weighted_f1": 0.9984826384903445,
      "valid_loss": 0.06768713506310439,
      "valid_accuracy": 0.9979166666666667,
      "valid_macro_f1": 0.9994642850660707,
      "valid_weighted_f1": 0.9979166641458304,
      "monitor_metric": "macro_f1",
      "monitor_value": 0.9994642850660707,
      "improved": false
    }
  ]
}