{
  "family": "extractor",
  "split": "test",
  "overall": {
    "constraint_scope::finance": {
      "precision": 0.7954545454545454,
      "recall": 0.6481481481481481,
      "f1-score": 0.7142857142857143,
      "support": 54.0
    },
    "constraint_scope::food": {
      "precision": 0.9776536312849162,
      "recall": 0.7777777777777778,
      "f1-score": 0.8663366336633663,
      "support": 225.0
    },
    "constraint_scope::general": {
      "precision": 0.8268251273344652,
      "recall": 0.974,
      "f1-score": 0.8943985307621671,
      "support": 500.0
    },
    "constraint_scope::health": {
      "precision": 0.6585365853658537,
      "recall": 0.7941176470588235,
      "f1-score": 0.72,
      "support": 34.0
    },
    "constraint_scope::none": {
      "precision": 0.03571428571428571,
      "recall": 0.037037037037037035,
      "f1-score": 0.03636363636363636,
      "support": 27.0
    },
    "constraint_scope::social": {
      "precision": 0.9302325581395349,
      "recall": 0.9195402298850575,
      "f1-score": 0.9248554913294798,
      "support": 87.0
    },
    "constraint_scope::tech": {
      "precision": 0.6,
      "recall": 0.4444444444444444,
      "f1-score": 0.5106382978723404,
      "support": 27.0
    },
    "constraint_scope::travel": {
      "precision": 0.6842105263157895,
      "recall": 0.5,
      "f1-score": 0.5777777777777777,
      "support": 26.0
    },
    "constraint_scope::work": {
      "precision": 0.9306930693069307,
      "recall": 0.8623853211009175,
      "f1-score": 0.8952380952380953,
      "support": 109.0
    },
    "constraint_type::causal": {
      "precision": 0.9019607843137255,
      "recall": 0.9387755102040817,
      "f1-score": 0.92,
      "support": 98.0
    },
    "constraint_type::constraint_other": {
      "precision": 0.9740518962075848,
      "recall": 0.976,
      "f1-score": 0.975024975024975,
      "support": 500.0
    },
    "constraint_type::goal": {
      "precision": 0.6666666666666666,
      "recall": 0.8823529411764706,
      "f1-score": 0.759493670886076,
      "support": 34.0
    },
    "constraint_type::none": {
      "precision": 0.07692307692307693,
      "recall": 0.037037037037037035,
      "f1-score": 0.05,
      "support": 27.0
    },
    "constraint_type::policy": {
      "precision": 0.9205298013245033,
      "recall": 0.9205298013245033,
      "f1-score": 0.9205298013245033,
      "support": 302.0
    },
    "constraint_type::preference": {
      "precision": 0.9735099337748344,
      "recall": 0.9671052631578947,
      "f1-score": 0.9702970297029703,
      "support": 456.0
    },
    "constraint_type::state": {
      "precision": 0.9358974358974359,
      "recall": 0.9240506329113924,
      "f1-score": 0.9299363057324841,
      "support": 79.0
    },
    "constraint_type::value": {
      "precision": 0.5714285714285714,
      "recall": 0.8,
      "f1-score": 0.6666666666666666,
      "support": 5.0
    },
    "fact_type::identity": {
      "precision": 0.7098765432098766,
      "recall": 0.583756345177665,
      "f1-score": 0.6406685236768802,
      "support": 197.0
    },
    "fact_type::location": {
      "precision": 0.8376623376623377,
      "recall": 0.9416058394160584,
      "f1-score": 0.8865979381443299,
      "support": 137.0
    },
    "fact_type::none": {
      "precision": 0.09090909090909091,
      "recall": 0.22727272727272727,
      "f1-score": 0.12987012987012986,
      "support": 22.0
    },
    "fact_type::occupation": {
      "precision": 0.7272727272727273,
      "recall": 0.8571428571428571,
      "f1-score": 0.7868852459016393,
      "support": 28.0
    },
    "fact_type::other_fact": {
      "precision": 0.8605108055009824,
      "recall": 0.876,
      "f1-score": 0.8681863230921705,
      "support": 500.0
    },
    "fact_type::preference": {
      "precision": 0.9915966386554622,
      "recall": 0.944,
      "f1-score": 0.9672131147540983,
      "support": 500.0
    },
    "pii_presence::no_pii": {
      "precision": 0.9616935483870968,
      "recall": 0.954,
      "f1-score": 0.9578313253012049,
      "support": 500.0
    },
    "pii_presence::pii": {
      "precision": 1.0,
      "recall": 0.962,
      "f1-score": 0.9806320081549439,
      "support": 500.0
    },
    "accuracy": 0.8990751909931645,
    "macro avg": {
      "precision": 0.7455924074820117,
      "recall": 0.7499631824109158,
      "f1-score": 0.7419890894210259,
      "support": 4974.0
    },
    "weighted avg": {
      "precision": 0.9044639672871732,
      "recall": 0.8990751909931645,
      "f1-score": 0.8995993249973994,
      "support": 4974.0
    }
  },
  "per_task": {
    "constraint_scope": {
      "finance": {
        "precision": 0.9210526315789473,
        "recall": 0.6481481481481481,
        "f1-score": 0.7608695652173914,
        "support": 54.0
      },
      "food": {
        "precision": 0.9776536312849162,
        "recall": 0.7777777777777778,
        "f1-score": 0.8663366336633663,
        "support": 225.0
      },
      "general": {
        "precision": 0.8268251273344652,
        "recall": 0.974,
        "f1-score": 0.8943985307621671,
        "support": 500.0
      },
      "health": {
        "precision": 0.9310344827586207,
        "recall": 0.7941176470588235,
        "f1-score": 0.8571428571428571,
        "support": 34.0
      },
      "none": {
        "precision": 0.2,
        "recall": 0.037037037037037035,
        "f1-score": 0.0625,
        "support": 27.0
      },
      "social": {
        "precision": 0.975609756097561,
        "recall": 0.9195402298850575,
        "f1-score": 0.9467455621301775,
        "support": 87.0
      },
      "tech": {
        "precision": 0.9230769230769231,
        "recall": 0.4444444444444444,
        "f1-score": 0.6,
        "support": 27.0
      },
      "travel": {
        "precision": 0.9285714285714286,
        "recall": 0.5,
        "f1-score": 0.65,
        "support": 26.0
      },
      "work": {
        "precision": 0.9591836734693877,
        "recall": 0.8623853211009175,
        "f1-score": 0.9082125603864735,
        "support": 109.0
      },
      "micro avg": {
        "precision": 0.8825214899713467,
        "recall": 0.8484848484848485,
        "f1-score": 0.8651685393258427,
        "support": 1089.0
      },
      "macro avg": {
        "precision": 0.8492230726858055,
        "recall": 0.6619389561613561,
        "f1-score": 0.7273561899224925,
        "support": 1089.0
      },
      "weighted avg": {
        "precision": 0.8803229095316623,
        "recall": 0.8484848484848485,
        "f1-score": 0.8526210786110086,
        "support": 1089.0
      }
    },
    "constraint_type": {
      "causal": {
        "precision": 0.9387755102040817,
        "recall": 0.9387755102040817,
        "f1-score": 0.9387755102040817,
        "support": 98.0
      },
      "constraint_other": {
        "precision": 0.9740518962075848,
        "recall": 0.976,
        "f1-score": 0.975024975024975,
        "support": 500.0
      },
      "goal": {
        "precision": 0.967741935483871,
        "recall": 0.8823529411764706,
        "f1-score": 0.9230769230769231,
        "support": 34.0
      },
      "none": {
        "precision": 1.0,
        "recall": 0.037037037037037035,
        "f1-score": 0.07142857142857142,
        "support": 27.0
      },
      "policy": {
        "precision": 0.9391891891891891,
        "recall": 0.9205298013245033,
        "f1-score": 0.9297658862876255,
        "support": 302.0
      },
      "preference": {
        "precision": 0.9735099337748344,
        "recall": 0.9671052631578947,
        "f1-score": 0.9702970297029703,
        "support": 456.0
      },
      "state": {
        "precision": 0.9733333333333334,
        "recall": 0.9240506329113924,
        "f1-score": 0.948051948051948,
        "support": 79.0
      },
      "value": {
        "precision": 1.0,
        "recall": 0.8,
        "f1-score": 0.8888888888888888,
        "support": 5.0
      },