{
  "task": "forgetting_action_policy",
  "epoch_stats": [
    {
      "epoch": 1,
      "train_loss": 0.06347497471788228,
      "train_accuracy": 1.0,
      "train_macro_f1": 1.0,
      "train_weighted_f1": 1.0,
      "valid_loss": 0.038239348104184855,
      "valid_accuracy": 0.9998,
      "valid_macro_f1": 0.9997999999499999,
      "valid_weighted_f1": 0.99979999995,
      "monitor_metric": "macro_f1",
      "monitor_value": 0.9997999999499999,
      "improved": true
    },
    {
      "epoch": 2,
      "train_loss": 0.06684479126295094,
      "train_accuracy": 1.0,
      "train_macro_f1": 1.0,
      "train_weighted_f1": 1.0,
      "valid_loss": 0.04042152394606812,
      "valid_accuracy": 0.9998,
      "valid_macro_f1": 0.9997999999499999,
      "valid_weighted_f1": 0.99979999995,
      "monitor_metric": "macro_f1",
      "monitor_value": 0.9997999999499999,
      "improved": false
    },
    {
      "epoch": 3,
      "train_loss": 0.0679861270599307,
      "train_accuracy": 1.0,
      "train_macro_f1": 1.0,
      "train_weighted_f1": 1.0,
      "valid_loss": 0.04137932201301261,
      "valid_accuracy": 0.9998,
      "valid_macro_f1": 0.9997999999499999,
      "valid_weighted_f1": 0.99979999995,
      "monitor_metric": "macro_f1",
      "monitor_value": 0.9997999999499999,
      "improved": false
    },
    {
      "epoch": 4,
      "train_loss": 0.06866490023147354,
      "train_accuracy": 1.0,
      "train_macro_f1": 1.0,
      "train_weighted_f1": 1.0,
      "valid_loss": 0.0419956926974274,
      "valid_accuracy": 0.9998,
      "valid_macro_f1": 0.9997999999499999,
      "valid_weighted_f1": 0.99979999995,
      "monitor_metric": "macro_f1",
      "monitor_value": 0.9997999999499999,
      "improved": false
    }
  ],
  "training_summary": {
    "actual_epochs": 4,
    "best_epoch": 1,
    "best_metric": 0.9997999999499999,
    "monitor_metric": "macro_f1",
    "early_stopped": true
  },
  "calibration": {
    "method": "sigmoid",
    "split": "eval",
    "rows": 5000,
    "pre_ece": 0.035037306827186095,
    "post_ece": 0.004033777285176224,
    "pre_accuracy": 0.9998,
    "post_accuracy": 0.9998,
    "accuracy_delta": 0.0
  }
}