{
  "family": "router",
  "split": "test",
  "overall": {
    "rows": 3000,
    "accuracy": 0.8646666666666667,
    "macro_f1": 0.8646011336153364,
    "weighted_f1": 0.8646011336153365,
    "micro_f1": 0.8646666666666667,
    "labels": [
      "low",
      "medium",
      "high"
    ],
    "confusion_matrix": [
      [
        1000,
        0,
        0
      ],
      [
        0,
        775,
        225
      ],
      [
        0,
        181,
        819
      ]
    ],
    "calibration_error": 0.025431798979055103,
    "ordinal_mae": 0.13533333333333333,
    "off_by_two_rate": 0.0
  },
  "per_task": {
    "importance_bin": {
      "rows": 3000,
      "accuracy": 0.8646666666666667,
      "macro_f1": 0.8646011336153364,
      "weighted_f1": 0.8646011336153365,
      "micro_f1": 0.8646666666666667,
      "labels": [
        "high",
        "low",
        "medium"
      ],
      "confusion_matrix": [
        [
          819,
          0,
          181
        ],
        [
          0,
          1000,
          0
        ],
        [
          225,
          0,
          775
        ]
      ],
      "wrong_task_predictions": 0,
      "wrong_task_rate": 0.0
    }
  }
}