{
  "family": "pair",
  "split": "test",
  "overall": {
    "rows": 10000,
    "accuracy": 0.8287,
    "macro_f1": 0.8256294585684752,
    "weighted_f1": 0.8256294585684752,
    "micro_f1": 0.8287,
    "labels": [
      "memory_rerank_pair::not_relevant",
      "memory_rerank_pair::relevant"
    ],
    "confusion_matrix": [
      [
        3480,
        1520
      ],
      [
        193,
        4807
      ]
    ],
    "calibration_error": 0.06469904275987867,
    "classification_report": {
      "memory_rerank_pair::not_relevant": {
        "precision": 0.9474543969507215,
        "recall": 0.696,
        "f1-score": 0.8024904877205119,
        "support": 5000.0
      },
      "memory_rerank_pair::relevant": {
        "precision": 0.7597597597597597,
        "recall": 0.9614,
        "f1-score": 0.8487684294164386,
        "support": 5000.0
      },
      "accuracy": 0.8287,
      "macro avg": {
        "precision": 0.8536070783552406,
        "recall": 0.8287,
        "f1-score": 0.8256294585684752,
        "support": 10000.0
      },
      "weighted avg": {
        "precision": 0.8536070783552406,
        "recall": 0.8287,
        "f1-score": 0.8256294585684752,
        "support": 10000.0
      }
    },
    "mrr@10": 1.0,
    "ndcg@10": 1.0,
    "recall@10": 1.0,
    "groups_evaluated": 1
  },
  "per_task": {
    "memory_rerank_pair": {
      "rows": 10000,
      "accuracy": 0.8287,
      "macro_f1": 0.8256294585684752,
      "weighted_f1": 0.8256294585684752,
      "micro_f1": 0.8287,
      "labels": [
        "not_relevant",
        "relevant"
      ],
      "confusion_matrix": [
        [
          3480,
          1520
        ],
        [
          193,
          4807
        ]
      ],
      "wrong_task_predictions": 0,
      "wrong_task_rate": 0.0
    }
  },
  "calibration": {
    "method": "temperature_grid_search",
    "rows": 10000,
    "temperature": 2.0,
    "loss": 0.4168991320319021
  }
}