{
  "family": "router",
  "split": "test",
  "overall": {
    "rows": 15000,
    "accuracy": 0.8219333333333333,
    "macro_f1": 0.82980467064978,
    "weighted_f1": 0.8298046706497801,
    "micro_f1": 0.8219333333333333,
    "labels": [
      "memory_type::constraint",
      "memory_type::conversation",
      "memory_type::episodic_event",
      "memory_type::hypothesis",
      "memory_type::knowledge",
      "memory_type::message",
      "memory_type::observation",
      "memory_type::plan",
      "memory_type::preference",
      "memory_type::procedure",
      "memory_type::reasoning_step",
      "memory_type::scratch",
      "memory_type::semantic_fact",
      "memory_type::task_state",
      "memory_type::tool_result"
    ],
    "confusion_matrix": [
      [
        818,
        6,
        2,
        4,
        11,
        10,
        3,
        99,
        6,
        10,
        9,
        2,
        11,
        5,
        4
      ],
      [
        2,
        844,
        4,
        3,
        2,
        55,
        2,
        75,
        4,
        1,
        1,
        2,
        0,
        3,
        2
      ],
      [
        0,
        2,
        927,
        0,
        1,
        1,
        5,
        57,
        1,
        0,
        2,
        1,
        3,
        0,
        0
      ],
      [
        1,
        2,
        1,
        886,
        5,
        1,
        4,
        78,
        4,
        0,
        11,
        4,
        0,
        2,
        1
      ],
      [
        12,
        24,
        11,
        7,
        617,
        12,
        11,
        133,
        15,
        10,
        25,
        6,
        113,
        2,
        2
      ],
      [
        5,
        67,
        4,
        9,
        18,
        697,
        11,
        136,
        3,
        7,
        10,
        6,
        4,
        19,
        4
      ],
      [
        5,
        2,
        8,
        7,
        7,
        3,
        804,
        108,
        3,
        10,
        9,
        2,
        11,
        7,
        14
      ],
      [
        1,
        2,
        12,
        1,
        1,
        7,
        1,
        942,
        2,
        9,
        17,
        4,
        1,
        0,
        0
      ],
      [
        4,
        3,
        1,
        6,
        4,
        1,
        2,
        82,
        888,
        1,
        1,
        4,
        3,
        0,
        0
      ],
      [
        9,
        13,
        2,
        1,
        8,
        10,
        5,
        92,
        1,
        824,
        30,
        0,
        1,
        1,
        3
      ],
      [
        20,
        11,
        5,
        34,
        62,
        11,
        42,
        81,
        8,
        43,
        631,
        2,
        32,
        8,
        10
      ],
      [
        2,
        1,
        1,
        0,
        7,
        4,
        0,
        94,
        1,
        2,
        3,
        883,
        0,
        2,
        0
      ],
      [
        2,
        2,
        2,
        2,
        60,
        0,
        16,
        70,
        2,
        6,
        17,
        2,
        813,
        4,
        2
      ],
      [
        1,
        14,
        0,
        0,
        1,
        9,
        5,
        40,
        1,
        2,
        2,
        0,
        0,
        918,
        7
      ],
      [
        5,
        1,
        0,
        1,
        4,
        9,
        32,
        75,
        1,
        2,
        9,
        0,
        2,
        22,
        837
      ]
    ],
    "calibration_error": 0.06977044179877785
  },
  "per_task": {
    "memory_type": {
      "rows": 15000,
      "accuracy": 0.8219333333333333,
      "macro_f1": 0.82980467064978,
      "weighted_f1": 0.8298046706497801,
      "micro_f1": 0.8219333333333333,
      "labels": [
        "constraint",
        "conversation",
        "episodic_event",
        "hypothesis",
        "knowledge",
        "message",
        "observation",
        "plan",
        "preference",
        "procedure",
        "reasoning_step",
        "scratch",
        "semantic_fact",
        "task_state",
        "tool_result"
      ],
      "confusion_matrix": [
        [
          818,
          6,
          2,
          4,
          11,
          10,
          3,
          99,
          6,
          10,
          9,
          2,
          11,
          5,
          4
        ],
        [
          2,
          844,
          4,
          3,
          2,
          55,
          2,
          75,
          4,
          1,
          1,
          2,
          0,
          3,
          2
        ],
        [
          0,
          2,
          927,
          0,
          1,
          1,
          5,
          57,
          1,
          0,
          2,
          1,
          3,
          0,
          0
        ],
        [
          1,
          2,
          1,
          886,
          5,
          1,
          4,
          78,
          4,
          0,
          11,
          4,
          0,
          2,
          1
        ],
        [
          12,
          24,
          11,
          7,
          617,
          12,
          11,
          133,
          15,
          10,
          25,
          6,
          113,
          2,
          2
        ],
        [
          5,
          67,
          4,
          9,
          18,
          697,
          11,
          136,
          3,
          7,
          10,
          6,
          4,
          19,
          4
        ],
        [
          5,
          2,
          8,
          7,
          7,
          3,
          804,
          108,
          3,
          10,
          9,
          2,
          11,
          7,
          14
        ],
        [
          1,
          2,
          12,
          1,
          1,
          7,
          1,
          942,
          2,
          9,
          17,
          4,
          1,
          0,
          0
        ],
        [
          4,
          3,
          1,
          6,
          4,
          1,
          2,
          82,
          888,
          1,
          1,
          4,
          3,
          0,
          0
        ],
        [
          9,
          13,
          2,
          1,
          8,
          10,
          5,
          92,
          1,
          824,
          30,
          0,
          1,
          1,
          3
        ],
        [
          20,
          11,
          5,
          34,
          62,
          11,
          42,
          81,
          8,
          43,
          631,
          2,
          32,
          8,
          10
        ],
        [
          2,
          1,
          1,
          0,
          7,
          4,
          0,
          94,
          1,
          2,
          3,
          883,
          0,
          2,
          0
        ],
        [
          2,
          2,
          2,
          2,
          60,
          0,
          16,
          70,
          2,
          6,
          17,
          2,
          813,
          4,
          2
        ],
        [
          1,
          14,
          0,
          0,
          1,
          9,
          5,
          40,
          1,
          2,
          2,
          0,
          0,
          918,
          7
        ],
        [
          5,
          1,
          0,
          1,
          4,
          9,
          32,
          75,
          1,
          2,
          9,
          0,
          2,
          22,
          837
        ]
      ],
      "wrong_task_predictions": 0,
      "wrong_task_rate": 0.0
    }
  },
  "calibration": {
    "stage1": {
      "method": "sigmoid",
      "split": "eval",
      "rows": 15000,
      "pre_ece": 0.18739775789842553,
      "post_ece": 0.061888658139748316,
      "pre_accuracy": 0.8637333333333334,
      "post_accuracy": 0.8635333333333334,
      "accuracy_delta": -0.00019999999999997797
    },