{
  "family": "pair",
  "split": "test",
  "overall": {
    "rows": 10000,
    "accuracy": 0.7106,
    "macro_f1": 0.709609606138311,
    "weighted_f1": 0.709609606138311,
    "micro_f1": 0.7106,
    "labels": [
      "memory_rerank_pair::not_relevant",
      "memory_rerank_pair::relevant"
    ],
    "confusion_matrix": [
      [
        3261,
        1739
      ],
      [
        1155,
        3845
      ]
    ],
    "calibration_error": 0.0034495028120143127,
    "classification_report": {
      "memory_rerank_pair::not_relevant": {
        "precision": 0.7384510869565217,
        "recall": 0.6522,
        "f1-score": 0.6926508071367884,
        "support": 5000.0
      },
      "memory_rerank_pair::relevant": {
        "precision": 0.6885744985673352,
        "recall": 0.769,
        "f1-score": 0.7265684051398337,
        "support": 5000.0
      },
      "accuracy": 0.7106,
      "macro avg": {
        "precision": 0.7135127927619285,
        "recall": 0.7106,
        "f1-score": 0.709609606138311,
        "support": 10000.0
      },
      "weighted avg": {
        "precision": 0.7135127927619285,
        "recall": 0.7106,
        "f1-score": 0.709609606138311,
        "support": 10000.0
      }
    },
    "mrr@10": 0.9088,
    "ndcg@10": 0.9326815870514309,
    "recall@10": 1.0,
    "groups_evaluated": 5000
  },
  "per_task": {
    "memory_rerank_pair": {
      "rows": 10000,
      "accuracy": 0.7106,
      "macro_f1": 0.709609606138311,
      "weighted_f1": 0.709609606138311,
      "micro_f1": 0.7106,
      "labels": [
        "not_relevant",
        "relevant"
      ],
      "confusion_matrix": [
        [
          3261,
          1739
        ],
        [
          1155,
          3845
        ]
      ],
      "wrong_task_predictions": 0,
      "wrong_task_rate": 0.0
    }
  },
  "calibration": {
    "method": "temperature_grid_search",
    "rows": 10000,
    "temperature": 1.5,
    "loss": 0.5502544644810149
  }
}