{
  "family": "router",
  "split": "eval",
  "overall": {
    "rows": 15000,
    "accuracy": 0.8254,
    "macro_f1": 0.8349249185287968,
    "weighted_f1": 0.8349249185287968,
    "micro_f1": 0.8254,
    "labels": [
      "memory_type::constraint",
      "memory_type::conversation",
      "memory_type::episodic_event",
      "memory_type::hypothesis",
      "memory_type::knowledge",
      "memory_type::message",
      "memory_type::observation",
      "memory_type::plan",
      "memory_type::preference",
      "memory_type::procedure",
      "memory_type::reasoning_step",
      "memory_type::scratch",
      "memory_type::semantic_fact",
      "memory_type::task_state",
      "memory_type::tool_result"
    ],
    "confusion_matrix": [
      [
        812,
        4,
        1,
        5,
        17,
        8,
        9,
        103,
        11,
        5,
        11,
        4,
        4,
        3,
        3
      ],
      [
        2,
        833,
        3,
        9,
        9,
        42,
        0,
        78,
        11,
        1,
        2,
        6,
        1,
        2,
        1
      ],
      [
        0,
        3,
        925,
        0,
        0,
        1,
        4,
        62,
        0,
        0,
        0,
        0,
        5,
        0,
        0
      ],
      [
        2,
        10,
        3,
        856,
        5,
        2,
        1,
        97,
        6,
        1,
        9,
        3,
        3,
        2,
        0
      ],
      [
        5,
        28,
        7,
        5,
        663,
        9,
        5,
        124,
        14,
        6,
        34,
        5,
        84,
        3,
        8
      ],
      [
        12,
        61,
        4,
        6,
        9,
        718,
        10,
        124,
        11,
        5,
        6,
        6,
        3,
        16,
        9
      ],
      [
        7,
        4,
        8,
        8,
        6,
        2,
        791,
        123,
        3,
        6,
        13,
        0,
        9,
        11,
        9
      ],
      [
        0,
        10,
        3,
        1,
        4,
        6,
        1,
        940,
        3,
        16,
        9,
        2,
        3,
        1,
        1
      ],
      [
        4,
        2,
        0,
        8,
        1,
        4,
        2,
        102,
        869,
        2,
        2,
        3,
        1,
        0,
        0
      ],
      [
        4,
        14,
        0,
        1,
        5,
        11,
        6,
        80,
        0,
        838,
        32,
        1,
        2,
        2,
        4
      ],
      [
        20,
        9,
        6,
        31,
        65,
        9,
        33,
        90,
        6,
        37,
        651,
        3,
        27,
        5,
        8
      ],
      [
        2,
        3,
        0,
        2,
        1,
        4,
        1,
        97,
        0,
        2,
        4,
        881,
        0,
        2,
        1
      ],
      [
        6,
        1,
        2,
        4,
        51,
        2,
        8,
        89,
        2,
        4,
        16,
        0,
        811,
        2,
        2
      ],
      [
        0,
        11,
        1,
        0,
        4,
        10,
        1,
        50,
        2,
        3,
        2,
        1,
        1,
        909,
        5
      ],
      [
        5,
        1,
        0,
        1,
        4,
        6,
        22,
        54,
        1,
        5,
        8,
        0,
        2,
        7,
        884
      ]
    ],
    "calibration_error": 0.07757541718471196
  },
  "per_task": {
    "memory_type": {
      "rows": 15000,
      "accuracy": 0.8254,
      "macro_f1": 0.8349249185287968,
      "weighted_f1": 0.8349249185287968,
      "micro_f1": 0.8254,
      "labels": [
        "constraint",
        "conversation",
        "episodic_event",
        "hypothesis",
        "knowledge",
        "message",
        "observation",
        "plan",
        "preference",
        "procedure",
        "reasoning_step",
        "scratch",
        "semantic_fact",
        "task_state",
        "tool_result"
      ],
      "confusion_matrix": [
        [
          812,
          4,
          1,
          5,
          17,
          8,
          9,
          103,
          11,
          5,
          11,
          4,
          4,
          3,
          3
        ],
        [
          2,
          833,
          3,
          9,
          9,
          42,
          0,
          78,
          11,
          1,
          2,
          6,
          1,
          2,
          1
        ],
        [
          0,
          3,
          925,
          0,
          0,
          1,
          4,
          62,
          0,
          0,
          0,
          0,
          5,
          0,
          0
        ],
        [
          2,
          10,
          3,
          856,
          5,
          2,
          1,
          97,
          6,
          1,
          9,
          3,
          3,
          2,
          0
        ],
        [
          5,
          28,
          7,
          5,
          663,
          9,
          5,
          124,
          14,
          6,
          34,
          5,
          84,
          3,
          8
        ],
        [
          12,
          61,
          4,
          6,
          9,
          718,
          10,
          124,
          11,
          5,
          6,
          6,
          3,
          16,
          9
        ],
        [
          7,
          4,
          8,
          8,
          6,
          2,
          791,
          123,
          3,
          6,
          13,
          0,
          9,
          11,
          9
        ],
        [
          0,
          10,
          3,
          1,
          4,
          6,
          1,
          940,
          3,
          16,
          9,
          2,
          3,
          1,
          1
        ],
        [
          4,
          2,
          0,
          8,
          1,
          4,
          2,
          102,
          869,
          2,
          2,
          3,
          1,
          0,
          0
        ],
        [
          4,
          14,
          0,
          1,
          5,
          11,
          6,
          80,
          0,
          838,
          32,
          1,
          2,
          2,
          4
        ],
        [
          20,
          9,
          6,
          31,
          65,
          9,
          33,
          90,
          6,
          37,
          651,
          3,
          27,
          5,
          8
        ],
        [
          2,
          3,
          0,
          2,
          1,
          4,
          1,
          97,
          0,
          2,
          4,
          881,
          0,
          2,
          1
        ],
        [
          6,
          1,
          2,
          4,
          51,
          2,
          8,
          89,
          2,
          4,
          16,
          0,
          811,
          2,
          2
        ],
        [
          0,
          11,
          1,
          0,
          4,
          10,
          1,
          50,
          2,
          3,
          2,
          1,
          1,
          909,
          5
        ],
        [
          5,
          1,
          0,
          1,
          4,
          6,
          22,
          54,
          1,
          5,
          8,
          0,
          2,
          7,
          884
        ]
      ],
      "wrong_task_predictions": 0,
      "wrong_task_rate": 0.0
    }
  },
  "calibration": {
    "stage1": {
      "method": "sigmoid",
      "split": "eval",
      "rows": 15000,
      "pre_ece": 0.18739775789842553,
      "post_ece": 0.061888658139748316,
      "pre_accuracy": 0.8637333333333334,
      "post_accuracy": 0.8635333333333334,
      "accuracy_delta": -0.00019999999999997797
    },
    "stage2": {
      "factual": {
        "method": "sigmoid",
        "split": "eval",
        "rows": 3000,