{
  "family": "pair",
  "split": "eval",
  "overall": {
    "rows": 10000,
    "accuracy": 0.8285,
    "macro_f1": 0.82562060381535,
    "weighted_f1": 0.8256206038153501,
    "micro_f1": 0.8285,
    "labels": [
      "memory_rerank_pair::not_relevant",
      "memory_rerank_pair::relevant"
    ],
    "confusion_matrix": [
      [
        3500,
        1500
      ],
      [
        215,
        4785
      ]
    ],
    "calibration_error": 0.06515715836188356,
    "classification_report": {
      "memory_rerank_pair::not_relevant": {
        "precision": 0.9421265141318977,
        "recall": 0.7,
        "f1-score": 0.8032128514056225,
        "support": 5000.0
      },
      "memory_rerank_pair::relevant": {
        "precision": 0.7613365155131265,
        "recall": 0.957,
        "f1-score": 0.8480283562250776,
        "support": 5000.0
      },
      "accuracy": 0.8285,
      "macro avg": {
        "precision": 0.8517315148225122,
        "recall": 0.8285,
        "f1-score": 0.82562060381535,
        "support": 10000.0
      },
      "weighted avg": {
        "precision": 0.8517315148225122,
        "recall": 0.8285,
        "f1-score": 0.8256206038153501,
        "support": 10000.0
      }
    },
    "mrr@10": 1.0,
    "ndcg@10": 1.0,
    "recall@10": 1.0,
    "groups_evaluated": 1
  },
  "per_task": {
    "memory_rerank_pair": {
      "rows": 10000,
      "accuracy": 0.8285,
      "macro_f1": 0.82562060381535,
      "weighted_f1": 0.8256206038153501,
      "micro_f1": 0.8285,
      "labels": [
        "not_relevant",
        "relevant"
      ],
      "confusion_matrix": [
        [
          3500,
          1500
        ],
        [
          215,
          4785
        ]
      ],
      "wrong_task_predictions": 0,
      "wrong_task_rate": 0.0
    }
  },
  "calibration": {
    "method": "temperature_grid_search",
    "rows": 10000,
    "temperature": 2.0,
    "loss": 0.4168991320319021
  }
}