{
  "family": "pair",
  "split": "test",
  "overall": {
    "conflict_detection::conflict": {
      "precision": 0.6878183361629882,
      "recall": 0.6482,
      "f1-score": 0.6674217462932455,
      "support": 5000.0
    },
    "conflict_detection::no_conflict": {
      "precision": 0.6673600605143721,
      "recall": 0.7058,
      "f1-score": 0.6860419906687403,
      "support": 5000.0
    },
    "constraint_rerank::not_relevant": {
      "precision": 0.5204737053392212,
      "recall": 0.5186,
      "f1-score": 0.5195351632939291,
      "support": 5000.0
    },
    "constraint_rerank::relevant": {
      "precision": 0.5203268234356317,
      "recall": 0.5222,
      "f1-score": 0.5212617288880016,
      "support": 5000.0
    },
    "accuracy": 0.5987,
    "macro avg": {
      "precision": 0.5989947313630533,
      "recall": 0.5987,
      "f1-score": 0.5985651572859791,
      "support": 20000.0
    },
    "weighted avg": {
      "precision": 0.5989947313630534,
      "recall": 0.5987,
      "f1-score": 0.5985651572859791,
      "support": 20000.0
    }
  },
  "per_task": {
    "conflict_detection": {
      "conflict": {
        "precision": 0.6878183361629882,
        "recall": 0.6482,
        "f1-score": 0.6674217462932455,
        "support": 5000.0
      },
      "no_conflict": {
        "precision": 0.6673600605143721,
        "recall": 0.7058,
        "f1-score": 0.6860419906687403,
        "support": 5000.0
      },
      "accuracy": 0.677,
      "macro avg": {
        "precision": 0.6775891983386801,
        "recall": 0.677,
        "f1-score": 0.6767318684809929,
        "support": 10000.0
      },
      "weighted avg": {
        "precision": 0.6775891983386803,
        "recall": 0.677,
        "f1-score": 0.6767318684809929,
        "support": 10000.0
      }
    },
    "constraint_rerank": {
      "not_relevant": {
        "precision": 0.5204737053392212,
        "recall": 0.5186,
        "f1-score": 0.5195351632939291,
        "support": 5000.0
      },
      "relevant": {
        "precision": 0.5203268234356317,
        "recall": 0.5222,
        "f1-score": 0.5212617288880016,
        "support": 5000.0
      },
      "accuracy": 0.5204,
      "macro avg": {
        "precision": 0.5204002643874265,
        "recall": 0.5204,
        "f1-score": 0.5203984460909654,
        "support": 10000.0
      },
      "weighted avg": {
        "precision": 0.5204002643874265,
        "recall": 0.5204,
        "f1-score": 0.5203984460909653,
        "support": 10000.0
      }
    }
  }
}