{
  "family": "pair",
  "split": "eval",
  "overall": {
    "rows": 40000,
    "accuracy": 0.660975,
    "macro_f1": 0.6596491307932304,
    "weighted_f1": 0.6596491307932305,
    "micro_f1": 0.660975,
    "labels": [
      "conflict_detection::conflict",
      "conflict_detection::no_conflict",
      "constraint_rerank::not_relevant",
      "constraint_rerank::relevant",
      "scope_match::match",
      "scope_match::no_match",
      "supersession::no_supersedes",
      "supersession::supersedes"
    ],
    "confusion_matrix": [
      [
        3389,
        1610,
        0,
        0,
        0,
        1,
        0,
        0
      ],
      [
        1325,
        3675,
        0,
        0,
        0,
        0,
        0,
        0
      ],
      [
        1,
        0,
        2235,
        2763,
        0,
        1,
        0,
        0
      ],
      [
        0,
        0,
        1985,
        3013,
        0,
        1,
        0,
        1
      ],
      [
        0,
        0,
        0,
        0,
        3864,
        1136,
        0,
        0
      ],
      [
        0,
        0,
        0,
        0,
        1840,
        3160,
        0,
        0
      ],
      [
        0,
        0,
        0,
        0,
        0,
        0,
        3787,
        1213
      ],
      [
        0,
        0,
        0,
        0,
        0,
        0,
        1684,
        3316
      ]
    ]
  },
  "per_task": {
    "conflict_detection": {
      "rows": 10000,
      "accuracy": 0.7064,
      "macro_f1": 0.470796258989935,
      "weighted_f1": 0.7061943884849026,
      "micro_f1": 0.7064,
      "labels": [
        "conflict",
        "no_conflict",
        "__wrong_task__"
      ],
      "confusion_matrix": [
        [
          3389,
          1610,
          1
        ],
        [
          1325,
          3675,
          0
        ],
        [
          0,
          0,
          0
        ]
      ],
      "wrong_task_predictions": 1,
      "wrong_task_rate": 0.0001
    },
    "constraint_rerank": {
      "rows": 10000,
      "accuracy": 0.5248,
      "macro_f1": 0.3480070867963461,
      "weighted_f1": 0.5220106301945192,
      "micro_f1": 0.5248,
      "labels": [
        "not_relevant",
        "relevant",
        "__wrong_task__"
      ],
      "confusion_matrix": [
        [
          2235,
          2763,
          2
        ],
        [
          1985,
          3013,
          2
        ],
        [
          0,
          0,
          0
        ]
      ],
      "wrong_task_predictions": 4,
      "wrong_task_rate": 0.0004
    },
    "scope_match": {
      "rows": 10000,
      "accuracy": 0.7024,
      "macro_f1": 0.700917700269367,
      "weighted_f1": 0.7009177002693671,
      "micro_f1": 0.7024,
      "labels": [
        "match",
        "no_match"
      ],
      "confusion_matrix": [
        [
          3864,
          1136
        ],
        [
          1840,
          3160
        ]
      ],
      "wrong_task_predictions": 0,
      "wrong_task_rate": 0.0
    },
    "supersession": {
      "rows": 10000,
      "accuracy": 0.7103,
      "macro_f1": 0.7096558977401056,
      "weighted_f1": 0.7096558977401057,
      "micro_f1": 0.7103,
      "labels": [
        "no_supersedes",
        "supersedes"
      ],
      "confusion_matrix": [
        [
          3787,
          1213
        ],
        [
          1684,
          3316
        ]
      ],
      "wrong_task_predictions": 0,
      "wrong_task_rate": 0.0
    }
  }
}