{
  "family": "pair",
  "split": "test",
  "overall": {
    "conflict_detection::conflict": {
      "precision": 0.7045454545454546,
      "recall": 0.62,
      "f1-score": 0.6595744680851063,
      "support": 500.0
    },
    "conflict_detection::no_conflict": {
      "precision": 0.6607142857142857,
      "recall": 0.74,
      "f1-score": 0.6981132075471698,
      "support": 500.0
    },
    "constraint_rerank::not_relevant": {
      "precision": 0.5353535353535354,
      "recall": 0.53,
      "f1-score": 0.5326633165829145,
      "support": 500.0
    },
    "constraint_rerank::relevant": {
      "precision": 0.5346534653465347,
      "recall": 0.54,
      "f1-score": 0.5373134328358209,
      "support": 500.0
    },
    "scope_match::match": {
      "precision": 0.6777003484320557,
      "recall": 0.778,
      "f1-score": 0.7243947858472998,
      "support": 500.0
    },
    "scope_match::no_match": {
      "precision": 0.7394366197183099,
      "recall": 0.63,
      "f1-score": 0.6803455723542117,
      "support": 500.0
    },
    "supersession::no_supersedes": {
      "precision": 0.6544502617801047,
      "recall": 0.75,
      "f1-score": 0.6989748369058714,
      "support": 500.0
    },
    "supersession::supersedes": {
      "precision": 0.7072599531615925,
      "recall": 0.604,
      "f1-score": 0.651564185544768,
      "support": 500.0
    },
    "accuracy": 0.649,
    "macro avg": {
      "precision": 0.6517642405064842,
      "recall": 0.649,
      "f1-score": 0.6478679757128953,
      "support": 4000.0
    },
    "weighted avg": {
      "precision": 0.6517642405064842,
      "recall": 0.649,
      "f1-score": 0.6478679757128952,
      "support": 4000.0
    }
  },
  "per_task": {
    "conflict_detection": {
      "conflict": {
        "precision": 0.7045454545454546,
        "recall": 0.62,
        "f1-score": 0.6595744680851063,
        "support": 500.0
      },
      "no_conflict": {
        "precision": 0.6607142857142857,
        "recall": 0.74,
        "f1-score": 0.6981132075471698,
        "support": 500.0
      },
      "accuracy": 0.68,
      "macro avg": {
        "precision": 0.6826298701298701,
        "recall": 0.6799999999999999,
        "f1-score": 0.6788438378161381,
        "support": 1000.0
      },
      "weighted avg": {
        "precision": 0.6826298701298701,
        "recall": 0.68,
        "f1-score": 0.678843837816138,
        "support": 1000.0
      }
    },
    "constraint_rerank": {
      "not_relevant": {
        "precision": 0.5353535353535354,
        "recall": 0.53,
        "f1-score": 0.5326633165829145,
        "support": 500.0
      },
      "relevant": {
        "precision": 0.5346534653465347,
        "recall": 0.54,
        "f1-score": 0.5373134328358209,
        "support": 500.0
      },
      "accuracy": 0.535,
      "macro avg": {
        "precision": 0.5350035003500351,
        "recall": 0.535,
        "f1-score": 0.5349883747093678,
        "support": 1000.0
      },
      "weighted avg": {
        "precision": 0.535003500350035,
        "recall": 0.535,
        "f1-score": 0.5349883747093677,
        "support": 1000.0
      }
    },
    "scope_match": {
      "match": {
        "precision": 0.6777003484320557,
        "recall": 0.778,
        "f1-score": 0.7243947858472998,
        "support": 500.0
      },
      "no_match": {
        "precision": 0.7394366197183099,
        "recall": 0.63,
        "f1-score": 0.6803455723542117,
        "support": 500.0
      },
      "accuracy": 0.704,
      "macro avg": {
        "precision": 0.7085684840751828,
        "recall": 0.704,
        "f1-score": 0.7023701791007557,
        "support": 1000.0
      },
      "weighted avg": {
        "precision": 0.7085684840751828,
        "recall": 0.704,
        "f1-score": 0.7023701791007556,
        "support": 1000.0
      }
    },
    "supersession": {
      "no_supersedes": {
        "precision": 0.6544502617801047,
        "recall": 0.75,
        "f1-score": 0.6989748369058714,
        "support": 500.0
      },
      "supersedes": {
        "precision": 0.7072599531615925,
        "recall": 0.604,
        "f1-score": 0.651564185544768,
        "support": 500.0
      },
      "accuracy": 0.677,
      "macro avg": {
        "precision": 0.6808551074708487,
        "recall": 0.677,
        "f1-score": 0.6752695112253198,
        "support": 1000.0
      },
      "weighted avg": {
        "precision": 0.6808551074708487,
        "recall": 0.677,
        "f1-score": 0.6752695112253198,
        "support": 1000.0
      }
    }
  }
}