{
  "family": "pair",
  "epoch_stats": [
    {
      "epoch": 1,
      "train_loss": 0.7440701875670602,
      "train_accuracy": 0.7311299699157164,
      "train_macro_f1": 0.7290878972109875,
      "train_weighted_f1": 0.7284240739682929,
      "valid_loss": 1.0597840460701367,
      "valid_accuracy": 0.619891814224739,
      "valid_macro_f1": 0.566207362833119,
      "valid_weighted_f1": 0.5649898135090531,
      "monitor_metric": "macro_f1",
      "monitor_value": 0.566207362833119,
      "improved": true
    },
    {
      "epoch": 2,
      "train_loss": 0.7436824843425563,
      "train_accuracy": 0.7312725995303788,
      "train_macro_f1": 0.729292569046695,
      "train_weighted_f1": 0.7286287940989812,
      "valid_loss": 1.0581217245730095,
      "valid_accuracy": 0.6200819845328149,
      "valid_macro_f1": 0.5663709361615735,
      "valid_weighted_f1": 0.5651541158016661,
      "monitor_metric": "macro_f1",
      "monitor_value": 0.5663709361615735,
      "improved": false
    },
    {
      "epoch": 3,
      "train_loss": 0.7436042570207396,
      "train_accuracy": 0.7312752408195392,
      "train_macro_f1": 0.7293328157884723,
      "train_weighted_f1": 0.7286685862279162,
      "valid_loss": 1.0576592508380858,
      "valid_accuracy": 0.6203355449435828,
      "valid_macro_f1": 0.5665982294432557,
      "valid_weighted_f1": 0.5653806876187596,
      "monitor_metric": "macro_f1",
      "monitor_value": 0.5665982294432557,
      "improved": false
    },
    {
      "epoch": 4,
      "train_loss": 0.7435939332216642,
      "train_accuracy": 0.7312369421267132,
      "train_macro_f1": 0.7293231707186979,
      "train_weighted_f1": 0.7286586510415624,
      "valid_loss": 1.057559523349821,
      "valid_accuracy": 0.6203461099606982,
      "valid_macro_f1": 0.5666217687267912,
      "valid_weighted_f1": 0.5654032527388081,
      "monitor_metric": "macro_f1",
      "monitor_value": 0.5666217687267912,
      "improved": false
    }
  ]
}