{
  "family": "pair",
  "split": "test",
  "overall": {
    "rows": 4000,
    "accuracy": 0.649,
    "macro_f1": 0.6478679757128953,
    "weighted_f1": 0.6478679757128952,
    "micro_f1": 0.649,
    "labels": [
      "conflict_detection::conflict",
      "conflict_detection::no_conflict",
      "constraint_rerank::not_relevant",
      "constraint_rerank::relevant",
      "scope_match::match",
      "scope_match::no_match",
      "supersession::no_supersedes",
      "supersession::supersedes"
    ],
    "confusion_matrix": [
      [
        310,
        190,
        0,
        0,
        0,
        0,
        0,
        0
      ],
      [
        130,
        370,
        0,
        0,
        0,
        0,
        0,
        0
      ],
      [
        0,
        0,
        265,
        235,
        0,
        0,
        0,
        0
      ],
      [
        0,
        0,
        230,
        270,
        0,
        0,
        0,
        0
      ],
      [
        0,
        0,
        0,
        0,
        389,
        111,
        0,
        0
      ],
      [
        0,
        0,
        0,
        0,
        185,
        315,
        0,
        0
      ],
      [
        0,
        0,
        0,
        0,
        0,
        0,
        375,
        125
      ],
      [
        0,
        0,
        0,
        0,
        0,
        0,
        198,
        302
      ]
    ]
  },
  "per_task": {
    "conflict_detection": {
      "rows": 1000,
      "accuracy": 0.68,
      "macro_f1": 0.6788438378161381,
      "weighted_f1": 0.678843837816138,
      "micro_f1": 0.68,
      "labels": [
        "conflict",
        "no_conflict"
      ],
      "confusion_matrix": [
        [
          310,
          190
        ],
        [
          130,
          370
        ]
      ],
      "wrong_task_predictions": 0,
      "wrong_task_rate": 0.0
    },
    "constraint_rerank": {
      "rows": 1000,
      "accuracy": 0.535,
      "macro_f1": 0.5349883747093678,
      "weighted_f1": 0.5349883747093677,
      "micro_f1": 0.535,
      "labels": [
        "not_relevant",
        "relevant"
      ],
      "confusion_matrix": [
        [
          265,
          235
        ],
        [
          230,
          270
        ]
      ],
      "wrong_task_predictions": 0,
      "wrong_task_rate": 0.0
    },
    "scope_match": {
      "rows": 1000,
      "accuracy": 0.704,
      "macro_f1": 0.7023701791007557,
      "weighted_f1": 0.7023701791007556,
      "micro_f1": 0.704,
      "labels": [
        "match",
        "no_match"
      ],
      "confusion_matrix": [
        [
          389,
          111
        ],
        [
          185,
          315
        ]
      ],
      "wrong_task_predictions": 0,
      "wrong_task_rate": 0.0
    },
    "supersession": {
      "rows": 1000,
      "accuracy": 0.677,
      "macro_f1": 0.6752695112253198,
      "weighted_f1": 0.6752695112253198,
      "micro_f1": 0.677,
      "labels": [
        "no_supersedes",
        "supersedes"
      ],
      "confusion_matrix": [
        [
          375,
          125
        ],
        [
          198,
          302
        ]
      ],
      "wrong_task_predictions": 0,
      "wrong_task_rate": 0.0
    }
  }
}