{
  "family": "pair",
  "split": "eval",
  "overall": {
    "conflict_detection::conflict": {
      "precision": 0.7187698833510074,
      "recall": 0.6778,
      "f1-score": 0.6976839938239835,
      "support": 5000.0
    },
    "conflict_detection::no_conflict": {
      "precision": 0.695364238410596,
      "recall": 0.735,
      "f1-score": 0.7146329606222654,
      "support": 5000.0
    },
    "constraint_rerank::not_relevant": {
      "precision": 0.5296208530805687,
      "recall": 0.447,
      "f1-score": 0.4848156182212581,
      "support": 5000.0
    },
    "constraint_rerank::relevant": {
      "precision": 0.5216412742382271,
      "recall": 0.6026,
      "f1-score": 0.5592056421677802,
      "support": 5000.0
    },
    "scope_match::match": {
      "precision": 0.6774193548387096,
      "recall": 0.7728,
      "f1-score": 0.7219730941704036,
      "support": 5000.0
    },
    "scope_match::no_match": {
      "precision": 0.7350546638753198,
      "recall": 0.632,
      "f1-score": 0.6796429723626196,
      "support": 5000.0
    },
    "supersession::no_supersedes": {
      "precision": 0.692195211113142,
      "recall": 0.7574,
      "f1-score": 0.7233311049565466,
      "support": 5000.0
    },
    "supersession::supersedes": {
      "precision": 0.7320088300220751,
      "recall": 0.6632,
      "f1-score": 0.6959076600209864,
      "support": 5000.0
    },
    "accuracy": 0.660975,
    "macro avg": {
      "precision": 0.6627592886162057,
      "recall": 0.660975,
      "f1-score": 0.6596491307932304,
      "support": 40000.0
    },
    "weighted avg": {
      "precision": 0.6627592886162057,
      "recall": 0.660975,
      "f1-score": 0.6596491307932305,
      "support": 40000.0
    }
  },
  "per_task": {
    "conflict_detection": {
      "conflict": {
        "precision": 0.7189223589308443,
        "recall": 0.6778,
        "f1-score": 0.6977558163475396,
        "support": 5000.0
      },
      "no_conflict": {
        "precision": 0.695364238410596,
        "recall": 0.735,
        "f1-score": 0.7146329606222654,
        "support": 5000.0
      },
      "micro avg": {
        "precision": 0.7064706470647065,
        "recall": 0.7064,
        "f1-score": 0.7064353217660883,
        "support": 10000.0
      },
      "macro avg": {
        "precision": 0.7071432986707202,
        "recall": 0.7063999999999999,
        "f1-score": 0.7061943884849025,
        "support": 10000.0
      },
      "weighted avg": {
        "precision": 0.7071432986707202,
        "recall": 0.7064,
        "f1-score": 0.7061943884849026,
        "support": 10000.0
      }
    },
    "constraint_rerank": {
      "not_relevant": {
        "precision": 0.5296208530805687,
        "recall": 0.447,
        "f1-score": 0.4848156182212581,
        "support": 5000.0
      },
      "relevant": {
        "precision": 0.5216412742382271,
        "recall": 0.6026,
        "f1-score": 0.5592056421677802,
        "support": 5000.0
      },
      "micro avg": {
        "precision": 0.5250100040016007,
        "recall": 0.5248,
        "f1-score": 0.5249049809961992,
        "support": 10000.0
      },
      "macro avg": {
        "precision": 0.5256310636593979,
        "recall": 0.5248,
        "f1-score": 0.5220106301945192,
        "support": 10000.0
      },
      "weighted avg": {
        "precision": 0.5256310636593979,
        "recall": 0.5248,
        "f1-score": 0.5220106301945192,
        "support": 10000.0
      }
    },
    "scope_match": {
      "match": {
        "precision": 0.6774193548387096,
        "recall": 0.7728,
        "f1-score": 0.7219730941704036,
        "support": 5000.0
      },
      "no_match": {
        "precision": 0.7355679702048417,
        "recall": 0.632,
        "f1-score": 0.6798623063683304,
        "support": 5000.0
      },
      "accuracy": 0.7024,
      "macro avg": {
        "precision": 0.7064936625217757,
        "recall": 0.7024,
        "f1-score": 0.700917700269367,
        "support": 10000.0
      },
      "weighted avg": {
        "precision": 0.7064936625217757,
        "recall": 0.7024,
        "f1-score": 0.7009177002693671,
        "support": 10000.0
      }
    },
    "supersession": {
      "no_supersedes": {
        "precision": 0.692195211113142,
        "recall": 0.7574,
        "f1-score": 0.7233311049565466,
        "support": 5000.0
      },
      "supersedes": {
        "precision": 0.7321704570545374,
        "recall": 0.6632,
        "f1-score": 0.6959806905236646,
        "support": 5000.0
      },
      "accuracy": 0.7103,
      "macro avg": {
        "precision": 0.7121828340838396,
        "recall": 0.7102999999999999,
        "f1-score": 0.7096558977401056,
        "support": 10000.0
      },
      "weighted avg": {
        "precision": 0.7121828340838396,
        "recall": 0.7103,
        "f1-score": 0.7096558977401057,
        "support": 10000.0
      }
    }
  }
}