{
  "family": "pair",
  "split": "test",
  "overall": {
    "conflict_detection::conflict": {
      "precision": 0.7464857004362578,
      "recall": 0.616,
      "f1-score": 0.6749945211483673,
      "support": 5000.0
    },
    "conflict_detection::no_conflict": {
      "precision": 0.6731358529111338,
      "recall": 0.7908,
      "f1-score": 0.7272392863711605,
      "support": 5000.0
    },
    "constraint_rerank::not_relevant": {
      "precision": 0.5362481315396114,
      "recall": 0.574,
      "f1-score": 0.5544822256568779,
      "support": 5000.0
    },
    "constraint_rerank::relevant": {
      "precision": 0.5417383820998278,
      "recall": 0.5036,
      "f1-score": 0.5219734660033167,
      "support": 5000.0
    },
    "memory_rerank_pair::not_relevant": {
      "precision": 0.6243711570709893,
      "recall": 0.4468,
      "f1-score": 0.5208673350431337,
      "support": 5000.0
    },
    "memory_rerank_pair::relevant": {
      "precision": 0.5692930551230146,
      "recall": 0.7312,
      "f1-score": 0.640168096655577,
      "support": 5000.0
    },
    "novelty_pair::changed": {
      "precision": 0.713425804763151,
      "recall": 0.5452,
      "f1-score": 0.6180705135472169,
      "support": 5000.0
    },
    "novelty_pair::duplicate": {
      "precision": 0.8745461879790238,
      "recall": 0.9324731182795699,
      "f1-score": 0.9025811823480433,
      "support": 4650.0
    },
    "novelty_pair::novel": {
      "precision": 0.6746721171861693,
      "recall": 0.7922,
      "f1-score": 0.7287278079293533,
      "support": 5000.0
    },
    "reconsolidation_candidate_pair::not_relevant": {
      "precision": 0.6232442853208483,
      "recall": 0.4526,
      "f1-score": 0.524388830958174,
      "support": 5000.0
    },
    "reconsolidation_candidate_pair::relevant": {
      "precision": 0.570262207567907,
      "recall": 0.7264,
      "f1-score": 0.6389304248394758,
      "support": 5000.0
    },
    "retrieval_constraint_relevance_pair::not_relevant": {
      "precision": 0.6221842030225264,
      "recall": 0.4364,
      "f1-score": 0.5129893029270013,
      "support": 5000.0
    },
    "retrieval_constraint_relevance_pair::relevant": {
      "precision": 0.5659941475435084,
      "recall": 0.735,
      "f1-score": 0.6395197076481336,
      "support": 5000.0
    },
    "schema_match_pair::match": {
      "precision": 0.5683520599250936,
      "recall": 0.7284,
      "f1-score": 0.6384992987377279,
      "support": 5000.0
    },
    "schema_match_pair::no_match": {
      "precision": 0.6219376391982183,
      "recall": 0.4468,
      "f1-score": 0.5200186219739292,
      "support": 5000.0
    },
    "scope_match::match": {
      "precision": 0.6703075113426314,
      "recall": 0.7978,
      "f1-score": 0.7285179435667976,
      "support": 5000.0
    },
    "scope_match::no_match": {
      "precision": 0.7503087182020252,
      "recall": 0.6076,
      "f1-score": 0.6714554094375069,
      "support": 5000.0
    },
    "supersession::no_supersedes": {
      "precision": 0.6749521988527725,
      "recall": 0.7766,
      "f1-score": 0.7222170557053845,
      "support": 5000.0
    },
    "supersession::supersedes": {
      "precision": 0.7369908170473275,
      "recall": 0.626,
      "f1-score": 0.6769763166432357,
      "support": 5000.0
    },
    "accuracy": 0.6445113576333862,
    "macro avg": {
      "precision": 0.650444746164844,
      "recall": 0.6455722693831352,
      "f1-score": 0.6401377551126533,
      "support": 94650.0
    },
    "weighted avg": {
      "precision": 0.6496160562056791,
      "recall": 0.6445113576333862,
      "f1-score": 0.6391672828513497,
      "support": 94650.0
    }
  },
  "per_task": {
    "conflict_detection": {
      "conflict": {
        "precision": 0.7464857004362578,
        "recall": 0.616,
        "f1-score": 0.6749945211483673,
        "support": 5000.0
      },
      "no_conflict": {
        "precision": 0.6731358529111338,
        "recall": 0.7908,
        "f1-score": 0.7272392863711605,
        "support": 5000.0
      },
      "accuracy": 0.7034,
      "macro avg": {
        "precision": 0.7098107766736959,
        "recall": 0.7034,
        "f1-score": 0.701116903759764,
        "support": 10000.0
      },
      "weighted avg": {
        "precision": 0.7098107766736959,
        "recall": 0.7034,
        "f1-score": 0.701116903759764,
        "support": 10000.0
      }
    },
    "constraint_rerank": {
      "not_relevant": {
        "precision": 0.5362481315396114,
        "recall": 0.574,
        "f1-score": 0.5544822256568779,
        "support": 5000.0
      },
      "relevant": {
        "precision": 0.5417383820998278,
        "recall": 0.5036,
        "f1-score": 0.5219734660033167,
        "support": 5000.0
      },
      "accuracy": 0.5388,
      "macro avg": {
        "precision": 0.5389932568197195,
        "recall": 0.5388,
        "f1-score": 0.5382278458300973,
        "support": 10000.0
      },
      "weighted avg": {
        "precision": 0.5389932568197197,
        "recall": 0.5388,
        "f1-score": 0.5382278458300972,
        "support": 10000.0
      }
    },
    "memory_rerank_pair": {
      "not_relevant": {
        "precision": 0.6243711570709893,
        "recall": 0.4468,
        "f1-score": 0.5208673350431337,
        "support": 5000.0
      },
      "relevant": {
        "precision": 0.5692930551230146,
        "recall": 0.7312,
        "f1-score": 0.640168096655577,
        "support": 5000.0
      },
      "accuracy": 0.589,
      "macro avg": {
        "precision": 0.596832106097002,
        "recall": 0.589,
        "f1-score": 0.5805177158493553,
        "support": 10000.0
      },
      "weighted avg": {
        "precision": 0.596832106097002,
        "recall": 0.589,
        "f1-score": 0.5805177158493552,
        "support": 10000.0
      }
    },
    "novelty_pair": {
      "changed": {
        "precision": 0.713425804763151,
        "recall": 0.5452,
        "f1-score": 0.6180705135472169,
        "support": 5000.0
      },
      "duplicate": {
        "precision": 0.8745461879790238,
        "recall": 0.9324731182795699,
        "f1-score": 0.9025811823480433,
        "support": 4650.0
      },
      "novel": {
        "precision": 0.6746721171861693,
        "recall": 0.7922,
        "f1-score": 0.7287278079293533,
        "support": 5000.0
      },
      "accuracy": 0.7524232081911263,
      "macro avg": {
        "precision": 0.7542147033094481,
        "recall": 0.7566243727598566,
        "f1-score": 0.7497931679415378,
        "support": 14650.0
      },
      "weighted avg": {
        "precision": 0.7513398896825298,
        "recall": 0.7524232081911263,
        "f1-score": 0.7461429423413825,
        "support": 14650.0
      }
    },
    "reconsolidation_candidate_pair": {
      "not_relevant": {
        "precision": 0.6232442853208483,
        "recall": 0.4526,
        "f1-score": 0.524388830958174,
        "support": 5000.0
      },
      "relevant": {
        "precision": 0.570262207567907,
        "recall": 0.7264,
        "f1-score": 0.6389304248394758,
        "support": 5000.0
      },
      "accuracy": 0.5895,
      "macro avg": {
        "precision": 0.5967532464443777,
        "recall": 0.5895,
        "f1-score": 0.5816596278988249,
        "support": 10000.0
      },
      "weighted avg": {
        "precision": 0.5967532464443777,
        "recall": 0.5895,
        "f1-score": 0.5816596278988249,
        "support": 10000.0
      }
    },
    "retrieval_constraint_relevance_pair": {
      "not_relevant": {
        "precision": 0.6221842030225264,
        "recall": 0.4364,
        "f1-score": 0.5129893029270013,
        "support": 5000.0
      },
      "relevant": {
        "precision": 0.5659941475435084,
        "recall": 0.735,
        "f1-score": 0.6395197076481336,
        "support": 5000.0
      },
      "accuracy": 0.5857,
      "macro avg": {
        "precision": 0.5940891752830174,
        "recall": 0.5857,