{
  "family": "pair",
  "split": "test",
  "overall": {
    "conflict_detection::conflict": {
      "precision": 0.6208251473477406,
      "recall": 0.632,
      "f1-score": 0.626362735381566,
      "support": 500.0
    },
    "conflict_detection::no_conflict": {
      "precision": 0.6346938775510204,
      "recall": 0.622,
      "f1-score": 0.6282828282828283,
      "support": 500.0
    },
    "constraint_rerank::not_relevant": {
      "precision": 0.42437923250564336,
      "recall": 0.376,
      "f1-score": 0.3987274655355249,
      "support": 500.0
    },
    "constraint_rerank::relevant": {
      "precision": 0.4398563734290844,
      "recall": 0.49,
      "f1-score": 0.46357615894039733,
      "support": 500.0
    },
    "scope_match::match": {
      "precision": 0.6302816901408451,
      "recall": 0.716,
      "f1-score": 0.6704119850187266,
      "support": 500.0
    },
    "scope_match::no_match": {
      "precision": 0.6567505720823799,
      "recall": 0.574,
      "f1-score": 0.6125933831376734,
      "support": 500.0
    },
    "supersession::no_supersedes": {
      "precision": 0.6290909090909091,
      "recall": 0.692,
      "f1-score": 0.659047619047619,
      "support": 500.0
    },
    "supersession::supersedes": {
      "precision": 0.6524663677130045,
      "recall": 0.582,
      "f1-score": 0.6152219873150105,
      "support": 500.0
    },
    "accuracy": 0.5855,
    "macro avg": {
      "precision": 0.5860430212325785,
      "recall": 0.5855,
      "f1-score": 0.5842780203324183,
      "support": 4000.0
    },
    "weighted avg": {
      "precision": 0.5860430212325785,
      "recall": 0.5855,
      "f1-score": 0.5842780203324183,
      "support": 4000.0
    }
  },
  "per_task": {
    "conflict_detection": {
      "conflict": {
        "precision": 0.6257425742574257,
        "recall": 0.632,
        "f1-score": 0.6288557213930348,
        "support": 500.0
      },
      "no_conflict": {
        "precision": 0.6346938775510204,
        "recall": 0.622,
        "f1-score": 0.6282828282828283,
        "support": 500.0
      },
      "micro avg": {
        "precision": 0.6301507537688442,
        "recall": 0.627,
        "f1-score": 0.6285714285714286,
        "support": 1000.0
      },
      "macro avg": {
        "precision": 0.630218225904223,
        "recall": 0.627,
        "f1-score": 0.6285692748379316,
        "support": 1000.0
      },
      "weighted avg": {
        "precision": 0.6302182259042232,
        "recall": 0.627,
        "f1-score": 0.6285692748379316,
        "support": 1000.0
      }
    },
    "constraint_rerank": {
      "not_relevant": {
        "precision": 0.42437923250564336,
        "recall": 0.376,
        "f1-score": 0.3987274655355249,
        "support": 500.0
      },
      "relevant": {
        "precision": 0.4398563734290844,
        "recall": 0.49,
        "f1-score": 0.46357615894039733,
        "support": 500.0
      },
      "accuracy": 0.433,
      "macro avg": {
        "precision": 0.4321178029673639,
        "recall": 0.433,
        "f1-score": 0.4311518122379611,
        "support": 1000.0
      },
      "weighted avg": {
        "precision": 0.4321178029673639,
        "recall": 0.433,
        "f1-score": 0.4311518122379611,
        "support": 1000.0
      }
    },
    "scope_match": {
      "match": {
        "precision": 0.6302816901408451,
        "recall": 0.716,
        "f1-score": 0.6704119850187266,
        "support": 500.0
      },
      "no_match": {
        "precision": 0.668997668997669,
        "recall": 0.574,
        "f1-score": 0.6178686759956943,
        "support": 500.0
      },
      "micro avg": {
        "precision": 0.6469408224674023,
        "recall": 0.645,
        "f1-score": 0.6459689534301453,
        "support": 1000.0
      },
      "macro avg": {
        "precision": 0.6496396795692571,
        "recall": 0.645,
        "f1-score": 0.6441403305072104,
        "support": 1000.0
      },
      "weighted avg": {
        "precision": 0.6496396795692571,
        "recall": 0.645,
        "f1-score": 0.6441403305072103,
        "support": 1000.0
      }
    },
    "supersession": {
      "no_supersedes": {
        "precision": 0.6290909090909091,
        "recall": 0.692,
        "f1-score": 0.659047619047619,
        "support": 500.0
      },
      "supersedes": {
        "precision": 0.6539325842696629,
        "recall": 0.582,
        "f1-score": 0.6158730158730159,
        "support": 500.0
      },
      "micro avg": {
        "precision": 0.6402010050251257,
        "recall": 0.637,
        "f1-score": 0.6385964912280702,
        "support": 1000.0
      },
      "macro avg": {
        "precision": 0.641511746680286,
        "recall": 0.637,
        "f1-score": 0.6374603174603175,
        "support": 1000.0
      },
      "weighted avg": {
        "precision": 0.641511746680286,
        "recall": 0.637,
        "f1-score": 0.6374603174603175,
        "support": 1000.0
      }
    }
  }
}