{
  "family": "pair",
  "split": "test",
  "overall": {
    "conflict_detection::conflict": {
      "precision": 0.7376739797121963,
      "recall": 0.6254,
      "f1-score": 0.6769130858318,
      "support": 5000.0
    },
    "conflict_detection::no_conflict": {
      "precision": 0.6748828328415206,
      "recall": 0.7776,
      "f1-score": 0.7226094229160859,
      "support": 5000.0
    },
    "constraint_rerank::not_relevant": {
      "precision": 0.5336033879580188,
      "recall": 0.5796,
      "f1-score": 0.5556514236410699,
      "support": 5000.0
    },
    "constraint_rerank::relevant": {
      "precision": 0.5399430947690961,
      "recall": 0.4934,
      "f1-score": 0.5156233671230014,
      "support": 5000.0
    },
    "memory_rerank_pair::not_relevant": {
      "precision": 0.811992435198576,
      "recall": 0.6179309177108026,
      "f1-score": 0.7017931830200471,
      "support": 11812.0
    },
    "memory_rerank_pair::relevant": {
      "precision": 0.38698723173050803,
      "recall": 0.6276712932363957,
      "f1-score": 0.47878329552138477,
      "support": 4539.0
    },
    "novelty_pair::changed": {
      "precision": 0.7238493723849372,
      "recall": 0.5536,
      "f1-score": 0.6273798730734361,
      "support": 5000.0
    },
    "novelty_pair::duplicate": {
      "precision": 0.8930642044234486,
      "recall": 0.9445832387008858,
      "f1-score": 0.9181015452538631,
      "support": 4403.0
    },
    "novelty_pair::novel": {
      "precision": 0.6737588652482269,
      "recall": 0.798,
      "f1-score": 0.7306354147592016,
      "support": 5000.0
    },
    "reconsolidation_candidate_pair::not_relevant": {
      "precision": 0.8132242672119973,
      "recall": 0.6074853602647883,
      "f1-score": 0.6954578576633471,
      "support": 11783.0
    },
    "reconsolidation_candidate_pair::relevant": {
      "precision": 0.3849734042553192,
      "recall": 0.6378056840713814,
      "f1-score": 0.48013931503441415,
      "support": 4539.0
    },
    "retrieval_constraint_relevance_pair::not_relevant": {
      "precision": 0.8178603006189213,
      "recall": 0.6234729126295392,
      "f1-score": 0.7075584452837405,
      "support": 11869.0
    },
    "retrieval_constraint_relevance_pair::relevant": {
      "precision": 0.39279891304347825,
      "recall": 0.6369244326944261,
      "f1-score": 0.485923186822422,
      "support": 4539.0
    },
    "schema_match_pair::match": {
      "precision": 0.6670525967581872,
      "recall": 0.8057942057942058,
      "f1-score": 0.7298886978553977,
      "support": 5005.0
    },
    "schema_match_pair::no_match": {
      "precision": 0.7547931382441978,
      "recall": 0.5978021978021978,
      "f1-score": 0.6671869773664846,
      "support": 5005.0
    },
    "scope_match::match": {
      "precision": 0.6741724079986557,
      "recall": 0.8024,
      "f1-score": 0.7327184731987947,
      "support": 5000.0
    },
    "scope_match::no_match": {
      "precision": 0.7559891331192887,
      "recall": 0.6122,
      "f1-score": 0.676538844071168,
      "support": 5000.0
    },
    "supersession::no_supersedes": {
      "precision": 0.6759017250392054,
      "recall": 0.7758,
      "f1-score": 0.7224136325542415,
      "support": 5000.0
    },
    "supersession::supersedes": {
      "precision": 0.7369162168505046,
      "recall": 0.628,
      "f1-score": 0.6781125148472087,
      "support": 5000.0
    },
    "accuracy": 0.6599996475584612,
    "macro avg": {
      "precision": 0.6657598688108571,
      "recall": 0.6708142233107696,
      "f1-score": 0.6580751871493216,
      "support": 113494.0
    },
    "weighted avg": {
      "precision": 0.6947456108832729,
      "recall": 0.6599996475584612,
      "f1-score": 0.6667142967414207,
      "support": 113494.0
    }
  },
  "per_task": {
    "conflict_detection": {
      "conflict": {
        "precision": 0.7376739797121963,
        "recall": 0.6254,
        "f1-score": 0.6769130858318,
        "support": 5000.0
      },
      "no_conflict": {
        "precision": 0.6748828328415206,
        "recall": 0.7776,
        "f1-score": 0.7226094229160859,
        "support": 5000.0
      },
      "accuracy": 0.7015,
      "macro avg": {
        "precision": 0.7062784062768585,
        "recall": 0.7015,
        "f1-score": 0.6997612543739429,
        "support": 10000.0
      },
      "weighted avg": {
        "precision": 0.7062784062768583,
        "recall": 0.7015,
        "f1-score": 0.699761254373943,
        "support": 10000.0
      }
    },
    "constraint_rerank": {
      "not_relevant": {
        "precision": 0.5336033879580188,
        "recall": 0.5796,
        "f1-score": 0.5556514236410699,
        "support": 5000.0
      },
      "relevant": {
        "precision": 0.5399430947690961,
        "recall": 0.4934,
        "f1-score": 0.5156233671230014,
        "support": 5000.0
      },
      "accuracy": 0.5365,
      "macro avg": {
        "precision": 0.5367732413635574,
        "recall": 0.5365,
        "f1-score": 0.5356373953820357,
        "support": 10000.0
      },
      "weighted avg": {
        "precision": 0.5367732413635574,
        "recall": 0.5365,
        "f1-score": 0.5356373953820356,
        "support": 10000.0
      }
    },
    "memory_rerank_pair": {
      "not_relevant": {
        "precision": 0.811992435198576,
        "recall": 0.6179309177108026,
        "f1-score": 0.7017931830200471,
        "support": 11812.0
      },
      "relevant": {
        "precision": 0.38698723173050803,
        "recall": 0.6276712932363957,
        "f1-score": 0.47878329552138477,
        "support": 4539.0
      },
      "accuracy": 0.6206348235581921,
      "macro avg": {
        "precision": 0.599489833464542,
        "recall": 0.6228011054735991,
        "f1-score": 0.5902882392707159,
        "support": 16351.0
      },
      "weighted avg": {
        "precision": 0.6940119680380622,
        "recall": 0.6206348235581921,
        "f1-score": 0.6398861510735956,
        "support": 16351.0
      }
    },
    "novelty_pair": {
      "changed": {
        "precision": 0.7238493723849372,
        "recall": 0.5536,
        "f1-score": 0.6273798730734361,
        "support": 5000.0
      },
      "duplicate": {
        "precision": 0.8930642044234486,
        "recall": 0.9445832387008858,
        "f1-score": 0.9181015452538631,
        "support": 4403.0
      },
      "novel": {
        "precision": 0.6737588652482269,
        "recall": 0.798,
        "f1-score": 0.7306354147592016,
        "support": 5000.0
      },
      "accuracy": 0.7579670901895439,
      "macro avg": {
        "precision": 0.7635574806855375,
        "recall": 0.7653944129002953,
        "f1-score": 0.7587056110288336,
        "support": 14403.0
      },
      "weighted avg": {
        "precision": 0.7581894661002753,
        "recall": 0.7579670901895439,
        "f1-score": 0.752098697696032,
        "support": 14403.0
      }
    },
    "reconsolidation_candidate_pair": {
      "not_relevant": {
        "precision": 0.8132242672119973,
        "recall": 0.6074853602647883,
        "f1-score": 0.6954578576633471,
        "support": 11783.0
      },
      "relevant": {
        "precision": 0.3849734042553192,
        "recall": 0.6378056840713814,
        "f1-score": 0.48013931503441415,
        "support": 4539.0
      },
      "accuracy": 0.6159171670138464,
      "macro avg": {
        "precision": 0.5990988357336582,
        "recall": 0.6226455221680849,
        "f1-score": 0.5877985863488806,
        "support": 16322.0
      },
      "weighted avg": {
        "precision": 0.6941315906429272,
        "recall": 0.6159171670138464,
        "f1-score": 0.6355797260010064,
        "support": 16322.0
      }
    },
    "retrieval_constraint_relevance_pair": {
      "not_relevant": {
        "precision": 0.8178603006189213,
        "recall": 0.6234729126295392,
        "f1-score": 0.7075584452837405,
        "support": 11869.0
      },