{
  "family": "pair",
  "split": "eval",
  "overall": {
    "conflict_detection::conflict": {
      "precision": 0.7346791636625811,
      "recall": 0.6114,
      "f1-score": 0.6673943892588146,
      "support": 5000.0
    },
    "conflict_detection::no_conflict": {
      "precision": 0.667237540674773,
      "recall": 0.7792,
      "f1-score": 0.718885506042993,
      "support": 5000.0
    },
    "constraint_rerank::not_relevant": {
      "precision": 0.5342037513791835,
      "recall": 0.581,
      "f1-score": 0.5566200421536693,
      "support": 5000.0
    },
    "constraint_rerank::relevant": {
      "precision": 0.5407715914072775,
      "recall": 0.4934,
      "f1-score": 0.5160008366450534,
      "support": 5000.0
    },
    "memory_rerank_pair::not_relevant": {
      "precision": 0.6161123853211009,
      "recall": 0.4298,
      "f1-score": 0.5063619227144204,
      "support": 5000.0
    },
    "memory_rerank_pair::relevant": {
      "precision": 0.5621928746928747,
      "recall": 0.7322,
      "f1-score": 0.6360319666435025,
      "support": 5000.0
    },
    "novelty_pair::changed": {
      "precision": 0.6968057702215353,
      "recall": 0.541,
      "f1-score": 0.6090970502139158,
      "support": 5000.0
    },
    "novelty_pair::duplicate": {
      "precision": 0.875887243966741,
      "recall": 0.9284178847807395,
      "f1-score": 0.9013878743608473,
      "support": 4652.0
    },
    "novelty_pair::novel": {
      "precision": 0.6684363760917965,
      "recall": 0.7806,
      "f1-score": 0.7201771381123719,
      "support": 5000.0
    },
    "reconsolidation_candidate_pair::not_relevant": {
      "precision": 0.6134952004517222,
      "recall": 0.4346,
      "f1-score": 0.5087801451650668,
      "support": 5000.0
    },
    "reconsolidation_candidate_pair::relevant": {
      "precision": 0.5622483741096315,
      "recall": 0.7262,
      "f1-score": 0.6337929830685983,
      "support": 5000.0
    },
    "retrieval_constraint_relevance_pair::not_relevant": {
      "precision": 0.6125439624853458,
      "recall": 0.418,
      "f1-score": 0.4969091773656681,
      "support": 5000.0
    },
    "retrieval_constraint_relevance_pair::relevant": {
      "precision": 0.558287795992714,
      "recall": 0.7356,
      "f1-score": 0.6347946151190887,
      "support": 5000.0
    },
    "schema_match_pair::match": {
      "precision": 0.5618184610658885,
      "recall": 0.7316,
      "f1-score": 0.6355659803666058,
      "support": 5000.0
    },
    "schema_match_pair::no_match": {
      "precision": 0.6153625680710806,
      "recall": 0.4294,
      "f1-score": 0.5058310755094828,
      "support": 5000.0
    },
    "scope_match::match": {
      "precision": 0.6730834177642688,
      "recall": 0.7972,
      "f1-score": 0.7299029481779894,
      "support": 5000.0
    },
    "scope_match::no_match": {
      "precision": 0.7513487003433056,
      "recall": 0.6128,
      "f1-score": 0.6750385547477418,
      "support": 5000.0
    },
    "supersession::no_supersedes": {
      "precision": 0.6742332351412234,
      "recall": 0.7782,
      "f1-score": 0.7224955900102126,
      "support": 5000.0
    },
    "supersession::supersedes": {
      "precision": 0.7377630645542681,
      "recall": 0.624,
      "f1-score": 0.6761295915050385,
      "support": 5000.0
    },
    "accuracy": 0.6391835354773274,
    "macro avg": {
      "precision": 0.6450795514419638,
      "recall": 0.6402430465674073,
      "f1-score": 0.634273546693741,
      "support": 94652.0
    },
    "weighted avg": {
      "precision": 0.6442309578887517,
      "recall": 0.6391835354773274,
      "f1-score": 0.6332914672233849,
      "support": 94652.0
    }
  },
  "per_task": {
    "conflict_detection": {
      "conflict": {
        "precision": 0.7346791636625811,
        "recall": 0.6114,
        "f1-score": 0.6673943892588146,
        "support": 5000.0
      },
      "no_conflict": {
        "precision": 0.667237540674773,
        "recall": 0.7792,
        "f1-score": 0.718885506042993,
        "support": 5000.0
      },
      "accuracy": 0.6953,
      "macro avg": {
        "precision": 0.7009583521686771,
        "recall": 0.6953,
        "f1-score": 0.6931399476509037,
        "support": 10000.0
      },
      "weighted avg": {
        "precision": 0.7009583521686771,
        "recall": 0.6953,
        "f1-score": 0.6931399476509037,
        "support": 10000.0
      }
    },
    "constraint_rerank": {
      "not_relevant": {
        "precision": 0.5342037513791835,
        "recall": 0.581,
        "f1-score": 0.5566200421536693,
        "support": 5000.0
      },
      "relevant": {
        "precision": 0.5407715914072775,
        "recall": 0.4934,
        "f1-score": 0.5160008366450534,
        "support": 5000.0
      },
      "accuracy": 0.5372,
      "macro avg": {
        "precision": 0.5374876713932305,
        "recall": 0.5372,
        "f1-score": 0.5363104393993614,
        "support": 10000.0
      },
      "weighted avg": {
        "precision": 0.5374876713932304,
        "recall": 0.5372,
        "f1-score": 0.5363104393993613,
        "support": 10000.0
      }
    },
    "memory_rerank_pair": {
      "not_relevant": {
        "precision": 0.6161123853211009,
        "recall": 0.4298,
        "f1-score": 0.5063619227144204,
        "support": 5000.0
      },
      "relevant": {
        "precision": 0.5621928746928747,
        "recall": 0.7322,
        "f1-score": 0.6360319666435025,
        "support": 5000.0
      },
      "accuracy": 0.581,
      "macro avg": {
        "precision": 0.5891526300069878,
        "recall": 0.581,
        "f1-score": 0.5711969446789614,
        "support": 10000.0
      },
      "weighted avg": {
        "precision": 0.5891526300069878,
        "recall": 0.581,
        "f1-score": 0.5711969446789614,
        "support": 10000.0
      }
    },
    "novelty_pair": {
      "changed": {
        "precision": 0.6968057702215353,
        "recall": 0.541,
        "f1-score": 0.6090970502139158,
        "support": 5000.0
      },
      "duplicate": {
        "precision": 0.875887243966741,
        "recall": 0.9284178847807395,
        "f1-score": 0.9013878743608473,
        "support": 4652.0
      },
      "novel": {
        "precision": 0.6684363760917965,
        "recall": 0.7806,
        "f1-score": 0.7201771381123719,
        "support": 5000.0
      },
      "accuracy": 0.7457684957684958,
      "macro avg": {
        "precision": 0.7470431300933577,
        "recall": 0.7500059615935798,
        "f1-score": 0.7435540208957118,
        "support": 14652.0
      },
      "weighted avg": {
        "precision": 0.7439829504845713,
        "recall": 0.7457684957684958,
        "f1-score": 0.7398053052933455,
        "support": 14652.0
      }
    },
    "reconsolidation_candidate_pair": {
      "not_relevant": {
        "precision": 0.6134952004517222,
        "recall": 0.4346,
        "f1-score": 0.5087801451650668,
        "support": 5000.0
      },
      "relevant": {
        "precision": 0.5622483741096315,
        "recall": 0.7262,
        "f1-score": 0.6337929830685983,
        "support": 5000.0
      },
      "accuracy": 0.5804,
      "macro avg": {
        "precision": 0.5878717872806769,
        "recall": 0.5804,
        "f1-score": 0.5712865641168325,
        "support": 10000.0
      },
      "weighted avg": {
        "precision": 0.5878717872806768,
        "recall": 0.5804,
        "f1-score": 0.5712865641168327,
        "support": 10000.0
      }
    },
    "retrieval_constraint_relevance_pair": {
      "not_relevant": {
        "precision": 0.6125439624853458,
        "recall": 0.418,
        "f1-score": 0.4969091773656681,
        "support": 5000.0
      },
      "relevant": {
        "precision": 0.558287795992714,
        "recall": 0.7356,
        "f1-score": 0.6347946151190887,
        "support": 5000.0
      },
      "accuracy": 0.5768,
      "macro avg": {
        "precision": 0.5854158792390299,
        "recall": 0.5768,