{
  "family": "pair",
  "split": "eval",
  "overall": {
    "conflict_detection::conflict": {
      "precision": 0.7158590308370044,
      "recall": 0.65,
      "f1-score": 0.6813417190775681,
      "support": 500.0
    },
    "conflict_detection::no_conflict": {
      "precision": 0.6807339449541284,
      "recall": 0.742,
      "f1-score": 0.7100478468899522,
      "support": 500.0
    },
    "constraint_rerank::not_relevant": {
      "precision": 0.517578125,
      "recall": 0.53,
      "f1-score": 0.5237154150197628,
      "support": 500.0
    },
    "constraint_rerank::relevant": {
      "precision": 0.5184426229508197,
      "recall": 0.506,
      "f1-score": 0.5121457489878543,
      "support": 500.0
    },
    "scope_match::match": {
      "precision": 0.668918918918919,
      "recall": 0.792,
      "f1-score": 0.7252747252747253,
      "support": 500.0
    },
    "scope_match::no_match": {
      "precision": 0.7432762836185819,
      "recall": 0.608,
      "f1-score": 0.6688668866886689,
      "support": 500.0
    },
    "supersession::no_supersedes": {
      "precision": 0.6737967914438503,
      "recall": 0.756,
      "f1-score": 0.7125353440150801,
      "support": 500.0
    },
    "supersession::supersedes": {
      "precision": 0.7220956719817767,
      "recall": 0.634,
      "f1-score": 0.6751863684771033,
      "support": 500.0
    },
    "accuracy": 0.65225,
    "macro avg": {
      "precision": 0.655087673713135,
      "recall": 0.65225,
      "f1-score": 0.6511392568038393,
      "support": 4000.0
    },
    "weighted avg": {
      "precision": 0.655087673713135,
      "recall": 0.65225,
      "f1-score": 0.6511392568038393,
      "support": 4000.0
    }
  },
  "per_task": {
    "conflict_detection": {
      "conflict": {
        "precision": 0.7158590308370044,
        "recall": 0.65,
        "f1-score": 0.6813417190775681,
        "support": 500.0
      },
      "no_conflict": {
        "precision": 0.6807339449541284,
        "recall": 0.742,
        "f1-score": 0.7100478468899522,
        "support": 500.0
      },
      "micro avg": {
        "precision": 0.6966966966966966,
        "recall": 0.696,
        "f1-score": 0.6963481740870435,
        "support": 1000.0
      },
      "macro avg": {
        "precision": 0.6982964878955664,
        "recall": 0.696,
        "f1-score": 0.6956947829837601,
        "support": 1000.0
      },
      "weighted avg": {
        "precision": 0.6982964878955664,
        "recall": 0.696,
        "f1-score": 0.6956947829837601,
        "support": 1000.0
      }
    },
    "constraint_rerank": {
      "not_relevant": {
        "precision": 0.517578125,
        "recall": 0.53,
        "f1-score": 0.5237154150197628,
        "support": 500.0
      },
      "relevant": {
        "precision": 0.5184426229508197,
        "recall": 0.506,
        "f1-score": 0.5121457489878543,
        "support": 500.0
      },
      "accuracy": 0.518,
      "macro avg": {
        "precision": 0.5180103739754098,
        "recall": 0.518,
        "f1-score": 0.5179305820038085,
        "support": 1000.0
      },
      "weighted avg": {
        "precision": 0.5180103739754098,
        "recall": 0.518,
        "f1-score": 0.5179305820038086,
        "support": 1000.0
      }
    },
    "scope_match": {
      "match": {
        "precision": 0.668918918918919,
        "recall": 0.792,
        "f1-score": 0.7252747252747253,
        "support": 500.0
      },
      "no_match": {
        "precision": 0.7450980392156863,
        "recall": 0.608,
        "f1-score": 0.6696035242290749,
        "support": 500.0
      },
      "accuracy": 0.7,
      "macro avg": {
        "precision": 0.7070084790673026,
        "recall": 0.7,
        "f1-score": 0.6974391247519001,
        "support": 1000.0
      },
      "weighted avg": {
        "precision": 0.7070084790673027,
        "recall": 0.7,
        "f1-score": 0.6974391247519001,
        "support": 1000.0
      }
    },
    "supersession": {
      "no_supersedes": {
        "precision": 0.6737967914438503,
        "recall": 0.756,
        "f1-score": 0.7125353440150801,
        "support": 500.0
      },
      "supersedes": {
        "precision": 0.7220956719817767,
        "recall": 0.634,
        "f1-score": 0.6751863684771033,
        "support": 500.0
      },
      "accuracy": 0.695,
      "macro avg": {
        "precision": 0.6979462317128136,
        "recall": 0.6950000000000001,
        "f1-score": 0.6938608562460917,
        "support": 1000.0
      },
      "weighted avg": {
        "precision": 0.6979462317128136,
        "recall": 0.695,
        "f1-score": 0.6938608562460917,
        "support": 1000.0
      }
    }
  }
}