{
  "family": "pair",
  "split": "test",
  "overall": {
    "conflict_detection::conflict": {
      "precision": 0.7220556745182013,
      "recall": 0.6744,
      "f1-score": 0.6974146845915201,
      "support": 5000.0
    },
    "conflict_detection::no_conflict": {
      "precision": 0.6948198198198198,
      "recall": 0.7404,
      "f1-score": 0.7168861347792409,
      "support": 5000.0
    },
    "constraint_rerank::not_relevant": {
      "precision": 0.5305406037912473,
      "recall": 0.4534,
      "f1-score": 0.48894640353715085,
      "support": 5000.0
    },
    "constraint_rerank::relevant": {
      "precision": 0.5227867993713986,
      "recall": 0.5988,
      "f1-score": 0.5582175818029272,
      "support": 5000.0
    },
    "scope_match::match": {
      "precision": 0.6762985286296755,
      "recall": 0.763,
      "f1-score": 0.7170378723804154,
      "support": 5000.0
    },
    "scope_match::no_match": {
      "precision": 0.7278147213941757,
      "recall": 0.6348,
      "f1-score": 0.6781326781326781,
      "support": 5000.0
    },
    "supersession::no_supersedes": {
      "precision": 0.6925162689804772,
      "recall": 0.7662,
      "f1-score": 0.7274971515381694,
      "support": 5000.0
    },
    "supersession::supersedes": {
      "precision": 0.7383616830796778,
      "recall": 0.6598,
      "f1-score": 0.6968736797634136,
      "support": 5000.0
    },
    "accuracy": 0.66135,
    "macro avg": {
      "precision": 0.6631492624480841,
      "recall": 0.6613500000000001,
      "f1-score": 0.6601257733156894,
      "support": 40000.0
    },
    "weighted avg": {
      "precision": 0.6631492624480843,
      "recall": 0.66135,
      "f1-score": 0.6601257733156896,
      "support": 40000.0
    }
  },
  "per_task": {
    "conflict_detection": {
      "conflict": {
        "precision": 0.7220556745182013,
        "recall": 0.6744,
        "f1-score": 0.6974146845915201,
        "support": 5000.0
      },
      "no_conflict": {
        "precision": 0.6948198198198198,
        "recall": 0.7404,
        "f1-score": 0.7168861347792409,
        "support": 5000.0
      },
      "micro avg": {
        "precision": 0.7075415083016603,
        "recall": 0.7074,
        "f1-score": 0.7074707470747075,
        "support": 10000.0
      },
      "macro avg": {
        "precision": 0.7084377471690105,
        "recall": 0.7074,
        "f1-score": 0.7071504096853805,
        "support": 10000.0
      },
      "weighted avg": {
        "precision": 0.7084377471690106,
        "recall": 0.7074,
        "f1-score": 0.7071504096853805,
        "support": 10000.0
      }
    },
    "constraint_rerank": {
      "not_relevant": {
        "precision": 0.5305406037912473,
        "recall": 0.4534,
        "f1-score": 0.48894640353715085,
        "support": 5000.0
      },
      "relevant": {
        "precision": 0.5227867993713986,
        "recall": 0.5988,
        "f1-score": 0.5582175818029272,
        "support": 5000.0
      },
      "accuracy": 0.5261,
      "macro avg": {
        "precision": 0.5266637015813229,
        "recall": 0.5261,
        "f1-score": 0.523581992670039,
        "support": 10000.0
      },
      "weighted avg": {
        "precision": 0.5266637015813229,
        "recall": 0.5261,
        "f1-score": 0.5235819926700391,
        "support": 10000.0
      }
    },
    "scope_match": {
      "match": {
        "precision": 0.6762985286296755,
        "recall": 0.763,
        "f1-score": 0.7170378723804154,
        "support": 5000.0
      },
      "no_match": {
        "precision": 0.7281486579490709,
        "recall": 0.6348,
        "f1-score": 0.6782775937600171,
        "support": 5000.0
      },
      "accuracy": 0.6989,
      "macro avg": {
        "precision": 0.7022235932893732,
        "recall": 0.6989000000000001,
        "f1-score": 0.6976577330702163,
        "support": 10000.0
      },
      "weighted avg": {
        "precision": 0.7022235932893732,
        "recall": 0.6989,
        "f1-score": 0.6976577330702163,
        "support": 10000.0
      }
    },
    "supersession": {
      "no_supersedes": {
        "precision": 0.6925162689804772,
        "recall": 0.7662,
        "f1-score": 0.7274971515381694,
        "support": 5000.0
      },
      "supersedes": {
        "precision": 0.7383616830796778,
        "recall": 0.6598,
        "f1-score": 0.6968736797634136,
        "support": 5000.0
      },
      "accuracy": 0.713,
      "macro avg": {
        "precision": 0.7154389760300774,
        "recall": 0.7130000000000001,
        "f1-score": 0.7121854156507915,
        "support": 10000.0
      },
      "weighted avg": {
        "precision": 0.7154389760300776,
        "recall": 0.713,
        "f1-score": 0.7121854156507916,
        "support": 10000.0
      }
    }
  }
}