{
  "family": "pair",
  "split": "test",
  "overall": {
    "rows": 40000,
    "accuracy": 0.66135,
    "macro_f1": 0.6601257733156894,
    "weighted_f1": 0.6601257733156896,
    "micro_f1": 0.66135,
    "labels": [
      "conflict_detection::conflict",
      "conflict_detection::no_conflict",
      "constraint_rerank::not_relevant",
      "constraint_rerank::relevant",
      "scope_match::match",
      "scope_match::no_match",
      "supersession::no_supersedes",
      "supersession::supersedes"
    ],
    "confusion_matrix": [
      [
        3372,
        1626,
        0,
        0,
        0,
        2,
        0,
        0
      ],
      [
        1298,
        3702,
        0,
        0,
        0,
        0,
        0,
        0
      ],
      [
        0,
        0,
        2267,
        2733,
        0,
        0,
        0,
        0
      ],
      [
        0,
        0,
        2006,
        2994,
        0,
        0,
        0,
        0
      ],
      [
        0,
        0,
        0,
        0,
        3815,
        1185,
        0,
        0
      ],
      [
        0,
        0,
        0,
        0,
        1826,
        3174,
        0,
        0
      ],
      [
        0,
        0,
        0,
        0,
        0,
        0,
        3831,
        1169
      ],
      [
        0,
        0,
        0,
        0,
        0,
        0,
        1701,
        3299
      ]
    ]
  },
  "per_task": {
    "conflict_detection": {
      "rows": 10000,
      "accuracy": 0.7074,
      "macro_f1": 0.4714336064569203,
      "weighted_f1": 0.7071504096853805,
      "micro_f1": 0.7074,
      "labels": [
        "conflict",
        "no_conflict",
        "__wrong_task__"
      ],
      "confusion_matrix": [
        [
          3372,
          1626,
          2
        ],
        [
          1298,
          3702,
          0
        ],
        [
          0,
          0,
          0
        ]
      ],
      "wrong_task_predictions": 2,
      "wrong_task_rate": 0.0002
    },
    "constraint_rerank": {
      "rows": 10000,
      "accuracy": 0.5261,
      "macro_f1": 0.523581992670039,
      "weighted_f1": 0.5235819926700391,
      "micro_f1": 0.5261,
      "labels": [
        "not_relevant",
        "relevant"
      ],
      "confusion_matrix": [
        [
          2267,
          2733
        ],
        [
          2006,
          2994
        ]
      ],
      "wrong_task_predictions": 0,
      "wrong_task_rate": 0.0
    },
    "scope_match": {
      "rows": 10000,
      "accuracy": 0.6989,
      "macro_f1": 0.6976577330702163,
      "weighted_f1": 0.6976577330702163,
      "micro_f1": 0.6989,
      "labels": [
        "match",
        "no_match"
      ],
      "confusion_matrix": [
        [
          3815,
          1185
        ],
        [
          1826,
          3174
        ]
      ],
      "wrong_task_predictions": 0,
      "wrong_task_rate": 0.0
    },
    "supersession": {
      "rows": 10000,
      "accuracy": 0.713,
      "macro_f1": 0.7121854156507915,
      "weighted_f1": 0.7121854156507916,
      "micro_f1": 0.713,
      "labels": [
        "no_supersedes",
        "supersedes"
      ],
      "confusion_matrix": [
        [
          3831,
          1169
        ],
        [
          1701,
          3299
        ]
      ],
      "wrong_task_predictions": 0,
      "wrong_task_rate": 0.0
    }
  }
}