{
  "family": "pair",
  "split": "test",
  "overall": {
    "conflict_detection::conflict": {
      "precision": 0.7213114754098361,
      "recall": 0.6512,
      "f1-score": 0.6844649989489174,
      "support": 5000.0
    },
    "conflict_detection::no_conflict": {
      "precision": 0.6820998906306963,
      "recall": 0.7484,
      "f1-score": 0.7137135227922945,
      "support": 5000.0
    },
    "constraint_rerank::not_relevant": {
      "precision": 0.534365719134493,
      "recall": 0.5038,
      "f1-score": 0.5186329009676756,
      "support": 5000.0
    },
    "constraint_rerank::relevant": {
      "precision": 0.530558183538316,
      "recall": 0.5608,
      "f1-score": 0.5452600875060768,
      "support": 5000.0
    },
    "memory_rerank_pair::not_relevant": {
      "precision": 0.5333988212180747,
      "recall": 0.543,
      "f1-score": 0.5381565906838454,
      "support": 5000.0
    },
    "memory_rerank_pair::relevant": {
      "precision": 0.5347321246689754,
      "recall": 0.525,
      "f1-score": 0.529821374508023,
      "support": 5000.0
    },
    "novelty_pair::contradiction": {
      "precision": 0.19221815763219155,
      "recall": 0.1156,
      "f1-score": 0.14437367303609341,
      "support": 5000.0
    },
    "novelty_pair::duplicate": {
      "precision": 0.8319983980776933,
      "recall": 0.943674767204179,
      "f1-score": 0.8843247845056933,
      "support": 4403.0
    },
    "novelty_pair::novel": {
      "precision": 0.5217508781410429,
      "recall": 0.7724,
      "f1-score": 0.62280277374617,
      "support": 5000.0
    },
    "novelty_pair::temporal_change": {
      "precision": 0.24437218609304653,
      "recall": 0.1954,
      "f1-score": 0.2171593687486108,
      "support": 5000.0
    },
    "reconsolidation_candidate_pair::not_relevant": {
      "precision": 0.5235154394299287,
      "recall": 0.6612,
      "f1-score": 0.5843570481661511,
      "support": 5000.0
    },
    "reconsolidation_candidate_pair::relevant": {
      "precision": 0.5402985074626866,
      "recall": 0.3982,
      "f1-score": 0.4584916522740357,
      "support": 5000.0
    },
    "retrieval_constraint_relevance_pair::not_relevant": {
      "precision": 0.5189100655151876,
      "recall": 0.697,
      "f1-score": 0.594912939569819,
      "support": 5000.0
    },
    "retrieval_constraint_relevance_pair::relevant": {
      "precision": 0.5386723507917174,
      "recall": 0.3538,
      "f1-score": 0.4270883631096089,
      "support": 5000.0
    },
    "schema_match_pair::match": {
      "precision": 0.679023038281656,
      "recall": 0.784,
      "f1-score": 0.7277452891487979,
      "support": 5000.0
    },
    "schema_match_pair::no_match": {
      "precision": 0.7444996451383961,
      "recall": 0.6294,
      "f1-score": 0.6821285358187926,
      "support": 5000.0
    },
    "scope_match::match": {
      "precision": 0.676741358346361,
      "recall": 0.7792,
      "f1-score": 0.7243655294227015,
      "support": 5000.0
    },
    "scope_match::no_match": {
      "precision": 0.7391099599717448,
      "recall": 0.6278,
      "f1-score": 0.6789228939115389,
      "support": 5000.0
    },
    "supersession::no_supersedes": {
      "precision": 0.6906671527524608,
      "recall": 0.7578,
      "f1-score": 0.7226778561892047,
      "support": 5000.0
    },
    "supersession::supersedes": {
      "precision": 0.731723526805494,
      "recall": 0.6606,
      "f1-score": 0.6943451755307967,
      "support": 5000.0
    },
    "accuracy": 0.5933221331348149,
    "macro avg": {
      "precision": 0.5854983439519998,
      "recall": 0.5954137383602089,
      "f1-score": 0.5846872679292424,
      "support": 99403.0
    },
    "weighted avg": {
      "precision": 0.5840179003807492,
      "recall": 0.5933221331348149,
      "f1-score": 0.5828876884658847,
      "support": 99403.0
    }
  },
  "per_task": {
    "conflict_detection": {
      "conflict": {
        "precision": 0.7213114754098361,
        "recall": 0.6512,
        "f1-score": 0.6844649989489174,
        "support": 5000.0
      },
      "no_conflict": {
        "precision": 0.6820998906306963,
        "recall": 0.7484,
        "f1-score": 0.7137135227922945,
        "support": 5000.0
      },
      "accuracy": 0.6998,
      "macro avg": {
        "precision": 0.7017056830202661,
        "recall": 0.6998,
        "f1-score": 0.699089260870606,
        "support": 10000.0
      },
      "weighted avg": {
        "precision": 0.7017056830202663,
        "recall": 0.6998,
        "f1-score": 0.6990892608706059,
        "support": 10000.0
      }
    },
    "constraint_rerank": {
      "not_relevant": {
        "precision": 0.534365719134493,
        "recall": 0.5038,
        "f1-score": 0.5186329009676756,
        "support": 5000.0
      },
      "relevant": {
        "precision": 0.530558183538316,
        "recall": 0.5608,
        "f1-score": 0.5452600875060768,
        "support": 5000.0
      },
      "micro avg": {
        "precision": 0.5323532353235324,
        "recall": 0.5323,
        "f1-score": 0.5323266163308166,
        "support": 10000.0
      },
      "macro avg": {
        "precision": 0.5324619513364045,
        "recall": 0.5323,
        "f1-score": 0.5319464942368761,
        "support": 10000.0
      },
      "weighted avg": {
        "precision": 0.5324619513364045,
        "recall": 0.5323,
        "f1-score": 0.5319464942368762,
        "support": 10000.0
      }
    },
    "memory_rerank_pair": {
      "not_relevant": {
        "precision": 0.5333988212180747,
        "recall": 0.543,
        "f1-score": 0.5381565906838454,
        "support": 5000.0
      },
      "relevant": {
        "precision": 0.5347321246689754,
        "recall": 0.525,
        "f1-score": 0.529821374508023,
        "support": 5000.0
      },
      "micro avg": {
        "precision": 0.534053405340534,
        "recall": 0.534,
        "f1-score": 0.5340267013350668,
        "support": 10000.0
      },
      "macro avg": {
        "precision": 0.534065472943525,
        "recall": 0.534,
        "f1-score": 0.5339889825959342,
        "support": 10000.0
      },
      "weighted avg": {
        "precision": 0.534065472943525,
        "recall": 0.534,
        "f1-score": 0.5339889825959343,
        "support": 10000.0
      }
    },
    "novelty_pair": {
      "contradiction": {
        "precision": 0.19221815763219155,
        "recall": 0.1156,
        "f1-score": 0.14437367303609341,
        "support": 5000.0
      },
      "duplicate": {
        "precision": 0.8323317307692307,
        "recall": 0.943674767204179,
        "f1-score": 0.8845130388504524,
        "support": 4403.0
      },
      "novel": {
        "precision": 0.5217508781410429,
        "recall": 0.7724,
        "f1-score": 0.62280277374617,
        "support": 5000.0
      },
      "temporal_change": {
        "precision": 0.24437218609304653,
        "recall": 0.1954,
        "f1-score": 0.2171593687486108,
        "support": 5000.0
      },
      "micro avg": {
        "precision": 0.49342749626269394,
        "recall": 0.49332577436478897,
        "f1-score": 0.49337663007061494,
        "support": 19403.0
      },
      "macro avg": {
        "precision": 0.44766823815887796,
        "recall": 0.5067686918010447,
        "f1-score": 0.4672122135953317,
        "support": 19403.0
      },
      "weighted avg": {
        "precision": 0.43583274338547273,
        "recall": 0.49332577436478897,
        "f1-score": 0.4543725190801893,
        "support": 19403.0
      }
    },
    "reconsolidation_candidate_pair": {
      "not_relevant": {
        "precision": 0.5235154394299287,
        "recall": 0.6612,
        "f1-score": 0.5843570481661511,
        "support": 5000.0
      },
      "relevant": {
        "precision": 0.5402985074626866,
        "recall": 0.3982,
        "f1-score": 0.4584916522740357,
        "support": 5000.0
      },
      "accuracy": 0.5297,
      "macro avg": {
        "precision": 0.5319069734463077,