{
  "family": "pair",
  "split": "eval",
  "overall": {
    "conflict_detection::conflict": {
      "precision": 0.7421264503907175,
      "recall": 0.6268,
      "f1-score": 0.6796053344898623,
      "support": 5000.0
    },
    "conflict_detection::no_conflict": {
      "precision": 0.6769949800934741,
      "recall": 0.7822,
      "f1-score": 0.7258049549967523,
      "support": 5000.0
    },
    "constraint_rerank::not_relevant": {
      "precision": 0.5338763420955202,
      "recall": 0.5768,
      "f1-score": 0.5545087483176312,
      "support": 5000.0
    },
    "constraint_rerank::relevant": {
      "precision": 0.5397999130056547,
      "recall": 0.4964,
      "f1-score": 0.5171910814753073,
      "support": 5000.0
    },
    "memory_rerank_pair::not_relevant": {
      "precision": 0.8170812238608849,
      "recall": 0.6266565375200472,
      "f1-score": 0.7093106578130225,
      "support": 11847.0
    },
    "memory_rerank_pair::relevant": {
      "precision": 0.3926953178635178,
      "recall": 0.6324635117204777,
      "f1-score": 0.4845404489623041,
      "support": 4522.0
    },
    "novelty_pair::changed": {
      "precision": 0.7153806847215125,
      "recall": 0.56,
      "f1-score": 0.6282252636302446,
      "support": 5000.0
    },
    "novelty_pair::duplicate": {
      "precision": 0.8925973470261018,
      "recall": 0.9473206176203451,
      "f1-score": 0.9191451861643534,
      "support": 4404.0
    },
    "novelty_pair::novel": {
      "precision": 0.671079779917469,
      "recall": 0.7806,
      "f1-score": 0.7217085798816568,
      "support": 5000.0
    },
    "reconsolidation_candidate_pair::not_relevant": {
      "precision": 0.8147981051206857,
      "recall": 0.6133469179826796,
      "f1-score": 0.6998643673706646,
      "support": 11778.0
    },
    "reconsolidation_candidate_pair::relevant": {
      "precision": 0.387409200968523,
      "recall": 0.6368863334807607,
      "f1-score": 0.4817664770826363,
      "support": 4522.0
    },
    "retrieval_constraint_relevance_pair::not_relevant": {
      "precision": 0.8185307017543859,
      "recall": 0.6303301528328971,
      "f1-score": 0.7122072222487239,
      "support": 11843.0
    },
    "retrieval_constraint_relevance_pair::relevant": {
      "precision": 0.3957211870255348,
      "recall": 0.6340114993365767,
      "f1-score": 0.48729497747939154,
      "support": 4522.0
    },
    "schema_match_pair::match": {
      "precision": 0.6653607574273588,
      "recall": 0.8140603155582185,
      "f1-score": 0.7322374921404833,
      "support": 5007.0
    },
    "schema_match_pair::no_match": {
      "precision": 0.7604836634936969,
      "recall": 0.5904914103076309,
      "f1-score": 0.6647925334532778,
      "support": 5006.0
    },
    "scope_match::match": {
      "precision": 0.6670549084858569,
      "recall": 0.8018,
      "f1-score": 0.7282470481380563,
      "support": 5000.0
    },
    "scope_match::no_match": {
      "precision": 0.7516290726817043,
      "recall": 0.5998,
      "f1-score": 0.6671857619577308,
      "support": 5000.0
    },
    "supersession::no_supersedes": {
      "precision": 0.677199720670391,
      "recall": 0.7758,
      "f1-score": 0.7231543624161074,
      "support": 5000.0
    },
    "supersession::supersedes": {
      "precision": 0.7375936329588015,
      "recall": 0.6302,
      "f1-score": 0.6796807592752373,
      "support": 5000.0
    },
    "accuracy": 0.6617482437351808,
    "macro avg": {
      "precision": 0.6661796310295679,
      "recall": 0.6713666998084018,
      "f1-score": 0.6587616451207076,
      "support": 113451.0
    },
    "weighted avg": {
      "precision": 0.6956370147222429,
      "recall": 0.6617482437351808,
      "f1-score": 0.6683308498048186,
      "support": 113451.0
    }
  },
  "per_task": {
    "conflict_detection": {
      "conflict": {
        "precision": 0.7421264503907175,
        "recall": 0.6268,
        "f1-score": 0.6796053344898623,
        "support": 5000.0
      },
      "no_conflict": {
        "precision": 0.6769949800934741,
        "recall": 0.7822,
        "f1-score": 0.7258049549967523,
        "support": 5000.0
      },
      "accuracy": 0.7045,
      "macro avg": {
        "precision": 0.7095607152420957,
        "recall": 0.7045,
        "f1-score": 0.7027051447433073,
        "support": 10000.0
      },
      "weighted avg": {
        "precision": 0.7095607152420959,
        "recall": 0.7045,
        "f1-score": 0.7027051447433073,
        "support": 10000.0
      }
    },
    "constraint_rerank": {
      "not_relevant": {
        "precision": 0.5338763420955202,
        "recall": 0.5768,
        "f1-score": 0.5545087483176312,
        "support": 5000.0
      },
      "relevant": {
        "precision": 0.5397999130056547,
        "recall": 0.4964,
        "f1-score": 0.5171910814753073,
        "support": 5000.0
      },
      "accuracy": 0.5366,
      "macro avg": {
        "precision": 0.5368381275505874,
        "recall": 0.5366,
        "f1-score": 0.5358499148964693,
        "support": 10000.0
      },
      "weighted avg": {
        "precision": 0.5368381275505875,
        "recall": 0.5366,
        "f1-score": 0.5358499148964693,
        "support": 10000.0
      }
    },
    "memory_rerank_pair": {
      "not_relevant": {
        "precision": 0.8170812238608849,
        "recall": 0.6266565375200472,
        "f1-score": 0.7093106578130225,
        "support": 11847.0
      },
      "relevant": {
        "precision": 0.3926953178635178,
        "recall": 0.6324635117204777,
        "f1-score": 0.4845404489623041,
        "support": 4522.0
      },
      "accuracy": 0.6282607367585069,
      "macro avg": {
        "precision": 0.6048882708622013,
        "recall": 0.6295600246202624,
        "f1-score": 0.5969255533876633,
        "support": 16369.0
      },
      "weighted avg": {
        "precision": 0.6998429645341029,
        "recall": 0.6282607367585069,
        "f1-score": 0.6472170122376697,
        "support": 16369.0
      }
    },
    "novelty_pair": {
      "changed": {
        "precision": 0.7153806847215125,
        "recall": 0.56,
        "f1-score": 0.6282252636302446,
        "support": 5000.0
      },
      "duplicate": {
        "precision": 0.8925973470261018,
        "recall": 0.9473206176203451,
        "f1-score": 0.9191451861643534,
        "support": 4404.0
      },
      "novel": {
        "precision": 0.671079779917469,
        "recall": 0.7806,
        "f1-score": 0.7217085798816568,
        "support": 5000.0
      },
      "accuracy": 0.7549986114968065,
      "macro avg": {
        "precision": 0.7596859372216945,
        "recall": 0.7626402058734483,
        "f1-score": 0.7563596765587516,
        "support": 14404.0
      },
      "weighted avg": {
        "precision": 0.7541864092958802,
        "recall": 0.7549986114968065,
        "f1-score": 0.7496240362001748,
        "support": 14404.0
      }
    },
    "reconsolidation_candidate_pair": {
      "not_relevant": {
        "precision": 0.8147981051206857,
        "recall": 0.6133469179826796,
        "f1-score": 0.6998643673706646,
        "support": 11778.0
      },
      "relevant": {
        "precision": 0.387409200968523,
        "recall": 0.6368863334807607,
        "f1-score": 0.4817664770826363,
        "support": 4522.0
      },
      "accuracy": 0.6198773006134969,
      "macro avg": {
        "precision": 0.6011036530446043,
        "recall": 0.6251166257317202,
        "f1-score": 0.5908154222266504,
        "support": 16300.0
      },
      "weighted avg": {
        "precision": 0.6962304594411717,
        "recall": 0.6198773006134969,
        "f1-score": 0.6393589281140718,
        "support": 16300.0
      }
    },
    "retrieval_constraint_relevance_pair": {
      "not_relevant": {
        "precision": 0.8185307017543859,
        "recall": 0.6303301528328971,
        "f1-score": 0.7122072222487239,
        "support": 11843.0
      },