{
  "family": "pair",
  "split": "eval",
  "overall": {
    "conflict_detection::conflict": {
      "precision": 0.7198768689533861,
      "recall": 0.6548,
      "f1-score": 0.6857980728948471,
      "support": 5000.0
    },
    "conflict_detection::no_conflict": {
      "precision": 0.6834189288334556,
      "recall": 0.7452,
      "f1-score": 0.7129735935706085,
      "support": 5000.0
    },
    "constraint_rerank::not_relevant": {
      "precision": 0.5352828989192625,
      "recall": 0.5052,
      "f1-score": 0.5198065644613643,
      "support": 5000.0
    },
    "constraint_rerank::relevant": {
      "precision": 0.5315281196743041,
      "recall": 0.5614,
      "f1-score": 0.5460558311448303,
      "support": 5000.0
    },
    "memory_rerank_pair::not_relevant": {
      "precision": 0.5242812742812742,
      "recall": 0.5398,
      "f1-score": 0.5319274733937722,
      "support": 5000.0
    },
    "memory_rerank_pair::relevant": {
      "precision": 0.525870954442383,
      "recall": 0.5102,
      "f1-score": 0.517916962744899,
      "support": 5000.0
    },
    "novelty_pair::contradiction": {
      "precision": 0.18509856331440028,
      "recall": 0.1108,
      "f1-score": 0.13862129363192793,
      "support": 5000.0
    },
    "novelty_pair::duplicate": {
      "precision": 0.8347912524850895,
      "recall": 0.9534514078110808,
      "f1-score": 0.890184439262243,
      "support": 4404.0
    },
    "novelty_pair::novel": {
      "precision": 0.5282808581777654,
      "recall": 0.7584,
      "f1-score": 0.622762358351125,
      "support": 5000.0
    },
    "novelty_pair::temporal_change": {
      "precision": 0.23823109843081314,
      "recall": 0.2004,
      "f1-score": 0.21768411905279167,
      "support": 5000.0
    },
    "reconsolidation_candidate_pair::not_relevant": {
      "precision": 0.52561282212445,
      "recall": 0.669,
      "f1-score": 0.58870116156283,
      "support": 5000.0
    },
    "reconsolidation_candidate_pair::relevant": {
      "precision": 0.5451293340671436,
      "recall": 0.3962,
      "f1-score": 0.4588834839008571,
      "support": 5000.0
    },
    "retrieval_constraint_relevance_pair::not_relevant": {
      "precision": 0.5244299674267101,
      "recall": 0.7084,
      "f1-score": 0.6026884464863025,
      "support": 5000.0
    },
    "retrieval_constraint_relevance_pair::relevant": {
      "precision": 0.5510015408320493,
      "recall": 0.3576,
      "f1-score": 0.43371740448756824,
      "support": 5000.0
    },
    "schema_match_pair::match": {
      "precision": 0.6790528862772208,
      "recall": 0.7858,
      "f1-score": 0.7285369923975524,
      "support": 5000.0
    },
    "schema_match_pair::no_match": {
      "precision": 0.7458471760797342,
      "recall": 0.6286,
      "f1-score": 0.682222704579987,
      "support": 5000.0
    },
    "scope_match::match": {
      "precision": 0.6748221412458789,
      "recall": 0.7778,
      "f1-score": 0.7226609681315619,
      "support": 5000.0
    },
    "scope_match::no_match": {
      "precision": 0.7376120811703634,
      "recall": 0.6252,
      "f1-score": 0.6767698636068413,
      "support": 5000.0
    },
    "supersession::no_supersedes": {
      "precision": 0.681403257562198,
      "recall": 0.7614,
      "f1-score": 0.719183904788892,
      "support": 5000.0
    },
    "supersession::supersedes": {
      "precision": 0.7296623612055291,
      "recall": 0.644,
      "f1-score": 0.6841602039732285,
      "support": 5000.0
    },
    "accuracy": 0.5925314876664923,
    "macro avg": {
      "precision": 0.5850617192751706,
      "recall": 0.594682570390554,
      "f1-score": 0.5840627921212015,
      "support": 99404.0
    },
    "weighted avg": {
      "precision": 0.5835644072777347,
      "recall": 0.5925314876664923,
      "f1-score": 0.5822273679763375,
      "support": 99404.0
    }
  },
  "per_task": {
    "conflict_detection": {
      "conflict": {
        "precision": 0.7198768689533861,
        "recall": 0.6548,
        "f1-score": 0.6857980728948471,
        "support": 5000.0
      },
      "no_conflict": {
        "precision": 0.6834189288334556,
        "recall": 0.7452,
        "f1-score": 0.7129735935706085,
        "support": 5000.0
      },
      "accuracy": 0.7,
      "macro avg": {
        "precision": 0.7016478988934208,
        "recall": 0.7,
        "f1-score": 0.6993858332327278,
        "support": 10000.0
      },
      "weighted avg": {
        "precision": 0.7016478988934208,
        "recall": 0.7,
        "f1-score": 0.6993858332327277,
        "support": 10000.0
      }
    },
    "constraint_rerank": {
      "not_relevant": {
        "precision": 0.5352828989192625,
        "recall": 0.5052,
        "f1-score": 0.5198065644613643,
        "support": 5000.0
      },
      "relevant": {
        "precision": 0.5315281196743041,
        "recall": 0.5614,
        "f1-score": 0.5460558311448303,
        "support": 5000.0
      },
      "accuracy": 0.5333,
      "macro avg": {
        "precision": 0.5334055092967833,
        "recall": 0.5333,
        "f1-score": 0.5329311978030973,
        "support": 10000.0
      },
      "weighted avg": {
        "precision": 0.5334055092967834,
        "recall": 0.5333,
        "f1-score": 0.5329311978030973,
        "support": 10000.0
      }
    },
    "memory_rerank_pair": {
      "not_relevant": {
        "precision": 0.5242812742812742,
        "recall": 0.5398,
        "f1-score": 0.5319274733937722,
        "support": 5000.0
      },
      "relevant": {
        "precision": 0.525870954442383,
        "recall": 0.5102,
        "f1-score": 0.517916962744899,
        "support": 5000.0
      },
      "micro avg": {
        "precision": 0.525052505250525,
        "recall": 0.525,
        "f1-score": 0.5250262513125656,
        "support": 10000.0
      },
      "macro avg": {
        "precision": 0.5250761143618285,
        "recall": 0.5249999999999999,
        "f1-score": 0.5249222180693356,
        "support": 10000.0
      },
      "weighted avg": {
        "precision": 0.5250761143618285,
        "recall": 0.525,
        "f1-score": 0.5249222180693356,
        "support": 10000.0
      }
    },
    "novelty_pair": {
      "contradiction": {
        "precision": 0.18509856331440028,
        "recall": 0.1108,
        "f1-score": 0.13862129363192793,
        "support": 5000.0
      },
      "duplicate": {
        "precision": 0.8354556307202546,
        "recall": 0.9534514078110808,
        "f1-score": 0.8905620360551432,
        "support": 4404.0
      },
      "novel": {
        "precision": 0.5282808581777654,
        "recall": 0.7584,
        "f1-score": 0.622762358351125,
        "support": 5000.0
      },
      "temporal_change": {
        "precision": 0.23823109843081314,
        "recall": 0.2004,
        "f1-score": 0.21768411905279167,
        "support": 5000.0
      },
      "micro avg": {
        "precision": 0.4920373138174509,
        "recall": 0.4920119562976706,
        "f1-score": 0.4920246347308475,
        "support": 19404.0
      },
      "macro avg": {
        "precision": 0.44676653766080837,
        "recall": 0.5057628519527702,
        "f1-score": 0.46740745177274695,
        "support": 19404.0
      },
      "weighted avg": {
        "precision": 0.4348278291747524,
        "recall": 0.4920119562976706,
        "f1-score": 0.45441012481787646,
        "support": 19404.0
      }
    },
    "reconsolidation_candidate_pair": {
      "not_relevant": {
        "precision": 0.52561282212445,
        "recall": 0.669,
        "f1-score": 0.58870116156283,
        "support": 5000.0
      },
      "relevant": {
        "precision": 0.5451293340671436,
        "recall": 0.3962,
        "f1-score": 0.4588834839008571,
        "support": 5000.0
      },
      "micro avg": {
        "precision": 0.5327065413082617,
        "recall": 0.5326,
        "f1-score": 0.5326532653265327,
        "support": 10000.0
      },
      "macro avg": {
        "precision": 0.5353710780957968,