{
  "family": "pair",
  "split": "eval",
  "overall": {
    "conflict_detection::conflict": {
      "precision": 0.6873806998939554,
      "recall": 0.6482,
      "f1-score": 0.6672156459083891,
      "support": 5000.0
    },
    "conflict_detection::no_conflict": {
      "precision": 0.6671712393566698,
      "recall": 0.7052,
      "f1-score": 0.6856587263004376,
      "support": 5000.0
    },
    "constraint_rerank::not_relevant": {
      "precision": 0.5345824197727725,
      "recall": 0.5364,
      "f1-score": 0.5354896675651393,
      "support": 5000.0
    },
    "constraint_rerank::relevant": {
      "precision": 0.5348183825005017,
      "recall": 0.533,
      "f1-score": 0.5339076429930882,
      "support": 5000.0
    },
    "accuracy": 0.6057,
    "macro avg": {
      "precision": 0.6059881853809748,
      "recall": 0.6057,
      "f1-score": 0.6055679206917636,
      "support": 20000.0
    },
    "weighted avg": {
      "precision": 0.6059881853809749,
      "recall": 0.6057,
      "f1-score": 0.6055679206917637,
      "support": 20000.0
    }
  },
  "per_task": {
    "conflict_detection": {
      "conflict": {
        "precision": 0.6873806998939554,
        "recall": 0.6482,
        "f1-score": 0.6672156459083891,
        "support": 5000.0
      },
      "no_conflict": {
        "precision": 0.6671712393566698,
        "recall": 0.7052,
        "f1-score": 0.6856587263004376,
        "support": 5000.0
      },
      "accuracy": 0.6767,
      "macro avg": {
        "precision": 0.6772759696253126,
        "recall": 0.6767000000000001,
        "f1-score": 0.6764371861044134,
        "support": 10000.0
      },
      "weighted avg": {
        "precision": 0.6772759696253126,
        "recall": 0.6767,
        "f1-score": 0.6764371861044134,
        "support": 10000.0
      }
    },
    "constraint_rerank": {
      "not_relevant": {
        "precision": 0.5345824197727725,
        "recall": 0.5364,
        "f1-score": 0.5354896675651393,
        "support": 5000.0
      },
      "relevant": {
        "precision": 0.5348183825005017,
        "recall": 0.533,
        "f1-score": 0.5339076429930882,
        "support": 5000.0
      },
      "accuracy": 0.5347,
      "macro avg": {
        "precision": 0.5347004011366372,
        "recall": 0.5347,
        "f1-score": 0.5346986552791138,
        "support": 10000.0
      },
      "weighted avg": {
        "precision": 0.5347004011366372,
        "recall": 0.5347,
        "f1-score": 0.5346986552791138,
        "support": 10000.0
      }
    }
  }
}