{
  "family": "pair",
  "split": "eval",
  "overall": {
    "conflict_detection::conflict": {
      "precision": 0.7431062927174169,
      "recall": 0.6306,
      "f1-score": 0.6822460240181759,
      "support": 5000.0
    },
    "conflict_detection::no_conflict": {
      "precision": 0.6791731804759423,
      "recall": 0.782,
      "f1-score": 0.7269684856372595,
      "support": 5000.0
    },
    "constraint_rerank::not_relevant": {
      "precision": 0.5275288092189501,
      "recall": 0.5768,
      "f1-score": 0.5510652526989587,
      "support": 5000.0
    },
    "constraint_rerank::relevant": {
      "precision": 0.5332009706596074,
      "recall": 0.4834,
      "f1-score": 0.5070806671561943,
      "support": 5000.0
    },
    "memory_rerank_pair::not_relevant": {
      "precision": 0.5644100580270793,
      "recall": 0.5836,
      "f1-score": 0.5738446411012783,
      "support": 5000.0
    },
    "memory_rerank_pair::relevant": {
      "precision": 0.568944099378882,
      "recall": 0.5496,
      "f1-score": 0.5591047812817904,
      "support": 5000.0
    },
    "novelty_pair::changed": {
      "precision": 0.717156493343381,
      "recall": 0.571,
      "f1-score": 0.635786660728204,
      "support": 5000.0
    },
    "novelty_pair::duplicate": {
      "precision": 0.8942287062862047,
      "recall": 0.9464123524069028,
      "f1-score": 0.919580805295091,
      "support": 4404.0
    },
    "novelty_pair::novel": {
      "precision": 0.6768483165567512,
      "recall": 0.78,
      "f1-score": 0.7247723471473704,
      "support": 5000.0
    },
    "reconsolidation_candidate_pair::not_relevant": {
      "precision": 0.5632739938080495,
      "recall": 0.5822,
      "f1-score": 0.5725806451612904,
      "support": 5000.0
    },
    "reconsolidation_candidate_pair::relevant": {
      "precision": 0.5676738410596026,
      "recall": 0.5486,
      "f1-score": 0.5579739625711961,
      "support": 5000.0
    },
    "retrieval_constraint_relevance_pair::not_relevant": {
      "precision": 0.563671497584541,
      "recall": 0.5834,
      "f1-score": 0.5733660933660933,
      "support": 5000.0
    },
    "retrieval_constraint_relevance_pair::relevant": {
      "precision": 0.5682901554404145,
      "recall": 0.5484,
      "f1-score": 0.5581679389312977,
      "support": 5000.0
    },
    "schema_match_pair::match": {
      "precision": 0.5449700199866756,
      "recall": 0.5277419354838709,
      "f1-score": 0.5362176335627663,
      "support": 1550.0
    },
    "schema_match_pair::no_match": {
      "precision": 0.5425,
      "recall": 0.559638942617666,
      "f1-score": 0.5509362107267534,
      "support": 1551.0
    },
    "scope_match::match": {
      "precision": 0.6713487899813844,
      "recall": 0.7934,
      "f1-score": 0.727289394078284,
      "support": 5000.0
    },
    "scope_match::no_match": {
      "precision": 0.7474945001222195,
      "recall": 0.6116,
      "f1-score": 0.6727532724672753,
      "support": 5000.0
    },
    "supersession::no_supersedes": {
      "precision": 0.6781770376862402,
      "recall": 0.7738,
      "f1-score": 0.7228397944885567,
      "support": 5000.0
    },
    "supersession::supersedes": {
      "precision": 0.7366705471478463,
      "recall": 0.6328,
      "f1-score": 0.6807961269499732,
      "support": 5000.0
    },
    "accuracy": 0.6400777098451517,
    "macro avg": {
      "precision": 0.636245647867431,
      "recall": 0.6349996437109704,
      "f1-score": 0.6333353019667268,
      "support": 87505.0
    },
    "weighted avg": {
      "precision": 0.641782151528545,
      "recall": 0.6400777098451517,
      "f1-score": 0.6384624158653226,
      "support": 87505.0
    }
  },
  "per_task": {
    "conflict_detection": {
      "conflict": {
        "precision": 0.7431062927174169,
        "recall": 0.6306,
        "f1-score": 0.6822460240181759,
        "support": 5000.0
      },
      "no_conflict": {
        "precision": 0.6791731804759423,
        "recall": 0.782,
        "f1-score": 0.7269684856372595,
        "support": 5000.0
      },
      "accuracy": 0.7063,
      "macro avg": {
        "precision": 0.7111397365966796,
        "recall": 0.7063,
        "f1-score": 0.7046072548277177,
        "support": 10000.0
      },
      "weighted avg": {
        "precision": 0.7111397365966796,
        "recall": 0.7063,
        "f1-score": 0.7046072548277177,
        "support": 10000.0
      }
    },
    "constraint_rerank": {
      "not_relevant": {
        "precision": 0.5275288092189501,
        "recall": 0.5768,
        "f1-score": 0.5510652526989587,
        "support": 5000.0
      },
      "relevant": {
        "precision": 0.5332009706596074,
        "recall": 0.4834,
        "f1-score": 0.5070806671561943,
        "support": 5000.0
      },
      "accuracy": 0.5301,
      "macro avg": {
        "precision": 0.5303648899392788,
        "recall": 0.5301,
        "f1-score": 0.5290729599275765,
        "support": 10000.0
      },
      "weighted avg": {
        "precision": 0.5303648899392787,
        "recall": 0.5301,
        "f1-score": 0.5290729599275764,
        "support": 10000.0
      }
    },
    "memory_rerank_pair": {
      "not_relevant": {
        "precision": 0.5644100580270793,
        "recall": 0.5836,
        "f1-score": 0.5738446411012783,
        "support": 5000.0
      },
      "relevant": {
        "precision": 0.568944099378882,
        "recall": 0.5496,
        "f1-score": 0.5591047812817904,
        "support": 5000.0
      },
      "accuracy": 0.5666,
      "macro avg": {
        "precision": 0.5666770787029807,
        "recall": 0.5666,
        "f1-score": 0.5664747111915344,
        "support": 10000.0
      },
      "weighted avg": {
        "precision": 0.5666770787029807,
        "recall": 0.5666,
        "f1-score": 0.5664747111915344,
        "support": 10000.0
      }
    },
    "novelty_pair": {
      "changed": {
        "precision": 0.717156493343381,
        "recall": 0.571,
        "f1-score": 0.635786660728204,
        "support": 5000.0
      },
      "duplicate": {
        "precision": 0.8942287062862047,
        "recall": 0.9464123524069028,
        "f1-score": 0.919580805295091,
        "support": 4404.0
      },
      "novel": {
        "precision": 0.6768483165567512,
        "recall": 0.78,
        "f1-score": 0.7247723471473704,
        "support": 5000.0
      },
      "accuracy": 0.758331019161344,
      "macro avg": {
        "precision": 0.7627445053954456,
        "recall": 0.7658041174689676,
        "f1-score": 0.7600466043902218,
        "support": 14404.0
      },
      "weighted avg": {
        "precision": 0.7573040316568388,
        "recall": 0.758331019161344,
        "f1-score": 0.7534454947165685,
        "support": 14404.0
      }
    },
    "reconsolidation_candidate_pair": {
      "not_relevant": {
        "precision": 0.5632739938080495,
        "recall": 0.5822,
        "f1-score": 0.5725806451612904,
        "support": 5000.0
      },
      "relevant": {
        "precision": 0.5676738410596026,
        "recall": 0.5486,
        "f1-score": 0.5579739625711961,
        "support": 5000.0
      },
      "accuracy": 0.5654,
      "macro avg": {
        "precision": 0.5654739174338261,
        "recall": 0.5654,
        "f1-score": 0.5652773038662433,
        "support": 10000.0
      },
      "weighted avg": {
        "precision": 0.5654739174338261,
        "recall": 0.5654,
        "f1-score": 0.5652773038662433,
        "support": 10000.0
      }
    },
    "retrieval_constraint_relevance_pair": {
      "not_relevant": {
        "precision": 0.563671497584541,
        "recall": 0.5834,
        "f1-score": 0.5733660933660933,
        "support": 5000.0
      },
      "relevant": {
        "precision": 0.5682901554404145,
        "recall": 0.5484,
        "f1-score": 0.5581679389312977,
        "support": 5000.0
      },
      "accuracy": 0.5659,
      "macro avg": {
        "precision": 0.5659808265124777,
        "recall": 0.5659000000000001,