{
  "family": "pair",
  "split": "test",
  "overall": {
    "conflict_detection::conflict": {
      "precision": 0.7412095639943741,
      "recall": 0.6324,
      "f1-score": 0.6824951435355061,
      "support": 5000.0
    },
    "conflict_detection::no_conflict": {
      "precision": 0.6794558772235787,
      "recall": 0.7792,
      "f1-score": 0.7259176448667785,
      "support": 5000.0
    },
    "constraint_rerank::not_relevant": {
      "precision": 0.5302948091879183,
      "recall": 0.5864,
      "f1-score": 0.5569379808148922,
      "support": 5000.0
    },
    "constraint_rerank::relevant": {
      "precision": 0.5374636546633863,
      "recall": 0.4806,
      "f1-score": 0.5074437757364587,
      "support": 5000.0
    },
    "memory_rerank_pair::not_relevant": {
      "precision": 0.5573016481410502,
      "recall": 0.5816,
      "f1-score": 0.5691916226267372,
      "support": 5000.0
    },
    "memory_rerank_pair::relevant": {
      "precision": 0.562526139690506,
      "recall": 0.538,
      "f1-score": 0.5499897771416888,
      "support": 5000.0
    },
    "novelty_pair::changed": {
      "precision": 0.721596724667349,
      "recall": 0.564,
      "f1-score": 0.6331387516838797,
      "support": 5000.0
    },
    "novelty_pair::duplicate": {
      "precision": 0.897125567322239,
      "recall": 0.9427662957074722,
      "f1-score": 0.9193798449612403,
      "support": 4403.0
    },
    "novelty_pair::novel": {
      "precision": 0.6770620313565099,
      "recall": 0.7946,
      "f1-score": 0.7311372837688627,
      "support": 5000.0
    },
    "reconsolidation_candidate_pair::not_relevant": {
      "precision": 0.5568334291738547,
      "recall": 0.581,
      "f1-score": 0.5686600763433494,
      "support": 5000.0
    },
    "reconsolidation_candidate_pair::relevant": {
      "precision": 0.5619903826050596,
      "recall": 0.5376,
      "f1-score": 0.5495246856792395,
      "support": 5000.0
    },
    "retrieval_constraint_relevance_pair::not_relevant": {
      "precision": 0.5578947368421052,
      "recall": 0.583,
      "f1-score": 0.5701711491442543,
      "support": 5000.0
    },
    "retrieval_constraint_relevance_pair::relevant": {
      "precision": 0.5633507853403141,
      "recall": 0.538,
      "f1-score": 0.550383631713555,
      "support": 5000.0
    },
    "schema_match_pair::match": {
      "precision": 0.5493642483171279,
      "recall": 0.3816575733956872,
      "f1-score": 0.4504062547907405,
      "support": 3849.0
    },
    "schema_match_pair::no_match": {
      "precision": 0.5263681592039801,
      "recall": 0.687012987012987,
      "f1-score": 0.596056338028169,
      "support": 3850.0
    },
    "scope_match::match": {
      "precision": 0.6781065088757396,
      "recall": 0.8022,
      "f1-score": 0.734951901053596,
      "support": 5000.0
    },
    "scope_match::no_match": {
      "precision": 0.7578947368421053,
      "recall": 0.6192,
      "f1-score": 0.6815630159603743,
      "support": 5000.0
    },
    "supersession::no_supersedes": {
      "precision": 0.6743167484232656,
      "recall": 0.7698,
      "f1-score": 0.7189017556966754,
      "support": 5000.0
    },
    "supersession::supersedes": {
      "precision": 0.7318266542404473,
      "recall": 0.6282,
      "f1-score": 0.6760654326302196,
      "support": 5000.0
    },
    "accuracy": 0.6334715858504701,
    "macro avg": {
      "precision": 0.6348411792689954,
      "recall": 0.6330124661113761,
      "f1-score": 0.6301218982198009,
      "support": 92102.0
    },
    "weighted avg": {
      "precision": 0.6355636841107206,
      "recall": 0.6334715858504701,
      "f1-score": 0.6309182012925092,
      "support": 92102.0
    }
  },
  "per_task": {
    "conflict_detection": {
      "conflict": {
        "precision": 0.7412095639943741,
        "recall": 0.6324,
        "f1-score": 0.6824951435355061,
        "support": 5000.0
      },
      "no_conflict": {
        "precision": 0.6794558772235787,
        "recall": 0.7792,
        "f1-score": 0.7259176448667785,
        "support": 5000.0
      },
      "accuracy": 0.7058,
      "macro avg": {
        "precision": 0.7103327206089765,
        "recall": 0.7058,
        "f1-score": 0.7042063942011423,
        "support": 10000.0
      },
      "weighted avg": {
        "precision": 0.7103327206089763,
        "recall": 0.7058,
        "f1-score": 0.7042063942011423,
        "support": 10000.0
      }
    },
    "constraint_rerank": {
      "not_relevant": {
        "precision": 0.5302948091879183,
        "recall": 0.5864,
        "f1-score": 0.5569379808148922,
        "support": 5000.0
      },
      "relevant": {
        "precision": 0.5374636546633863,
        "recall": 0.4806,
        "f1-score": 0.5074437757364587,
        "support": 5000.0
      },
      "accuracy": 0.5335,
      "macro avg": {
        "precision": 0.5338792319256522,
        "recall": 0.5335000000000001,
        "f1-score": 0.5321908782756755,
        "support": 10000.0
      },
      "weighted avg": {
        "precision": 0.5338792319256523,
        "recall": 0.5335,
        "f1-score": 0.5321908782756755,
        "support": 10000.0
      }
    },
    "memory_rerank_pair": {
      "not_relevant": {
        "precision": 0.5573016481410502,
        "recall": 0.5816,
        "f1-score": 0.5691916226267372,
        "support": 5000.0
      },
      "relevant": {
        "precision": 0.562526139690506,
        "recall": 0.538,
        "f1-score": 0.5499897771416888,
        "support": 5000.0
      },
      "accuracy": 0.5598,
      "macro avg": {
        "precision": 0.5599138939157782,
        "recall": 0.5598000000000001,
        "f1-score": 0.5595906998842131,
        "support": 10000.0
      },
      "weighted avg": {
        "precision": 0.5599138939157782,
        "recall": 0.5598,
        "f1-score": 0.5595906998842131,
        "support": 10000.0
      }
    },
    "novelty_pair": {
      "changed": {
        "precision": 0.721596724667349,
        "recall": 0.564,
        "f1-score": 0.6331387516838797,
        "support": 5000.0
      },
      "duplicate": {
        "precision": 0.897125567322239,
        "recall": 0.9427662957074722,
        "f1-score": 0.9193798449612403,
        "support": 4403.0
      },
      "novel": {
        "precision": 0.6770620313565099,
        "recall": 0.7946,
        "f1-score": 0.7311372837688627,
        "support": 5000.0
      },
      "accuracy": 0.7598416996459071,
      "macro avg": {
        "precision": 0.7652614411153659,
        "recall": 0.7671220985691574,
        "f1-score": 0.7612186268046609,
        "support": 14403.0
      },
      "weighted avg": {
        "precision": 0.7597957129097488,
        "recall": 0.7598416996459071,
        "f1-score": 0.754662892079987,
        "support": 14403.0
      }
    },
    "reconsolidation_candidate_pair": {
      "not_relevant": {
        "precision": 0.5568334291738547,
        "recall": 0.581,
        "f1-score": 0.5686600763433494,
        "support": 5000.0
      },
      "relevant": {
        "precision": 0.5619903826050596,
        "recall": 0.5376,
        "f1-score": 0.5495246856792395,
        "support": 5000.0
      },
      "accuracy": 0.5593,
      "macro avg": {
        "precision": 0.5594119058894571,
        "recall": 0.5592999999999999,
        "f1-score": 0.5590923810112944,
        "support": 10000.0
      },
      "weighted avg": {
        "precision": 0.5594119058894572,
        "recall": 0.5593,
        "f1-score": 0.5590923810112944,
        "support": 10000.0
      }
    },
    "retrieval_constraint_relevance_pair": {
      "not_relevant": {
        "precision": 0.5578947368421052,
        "recall": 0.583,
        "f1-score": 0.5701711491442543,
        "support": 5000.0
      },
      "relevant": {
        "precision": 0.5633507853403141,
        "recall": 0.538,
        "f1-score": 0.550383631713555,
        "support": 5000.0
      },
      "accuracy": 0.5605,