{
  "family": "pair",
  "split": "eval",
  "overall": {
    "rows": 10000,
    "accuracy": 0.7922,
    "macro_f1": 0.784720108791144,
    "weighted_f1": 0.7847201087911441,
    "micro_f1": 0.7922,
    "labels": [
      "reconsolidation_candidate_pair::not_relevant",
      "reconsolidation_candidate_pair::relevant"
    ],
    "confusion_matrix": [
      [
        3029,
        1971
      ],
      [
        107,
        4893
      ]
    ],
    "calibration_error": 0.080574789327383,
    "classification_report": {
      "reconsolidation_candidate_pair::not_relevant": {
        "precision": 0.9658801020408163,
        "recall": 0.6058,
        "f1-score": 0.7445919370698132,
        "support": 5000.0
      },
      "reconsolidation_candidate_pair::relevant": {
        "precision": 0.7128496503496503,
        "recall": 0.9786,
        "f1-score": 0.8248482805124747,
        "support": 5000.0
      },
      "accuracy": 0.7922,
      "macro avg": {
        "precision": 0.8393648761952333,
        "recall": 0.7922,
        "f1-score": 0.784720108791144,
        "support": 10000.0
      },
      "weighted avg": {
        "precision": 0.8393648761952334,
        "recall": 0.7922,
        "f1-score": 0.7847201087911441,
        "support": 10000.0
      }
    },
    "mrr@10": 1.0,
    "ndcg@10": 1.0,
    "recall@10": 1.0,
    "groups_evaluated": 1
  },
  "per_task": {
    "reconsolidation_candidate_pair": {
      "rows": 10000,
      "accuracy": 0.7922,
      "macro_f1": 0.784720108791144,
      "weighted_f1": 0.7847201087911441,
      "micro_f1": 0.7922,
      "labels": [
        "not_relevant",
        "relevant"
      ],
      "confusion_matrix": [
        [
          3029,
          1971
        ],
        [
          107,
          4893
        ]
      ],
      "wrong_task_predictions": 0,
      "wrong_task_rate": 0.0
    }
  },
  "calibration": {
    "method": "ece_grid_search",
    "rows": 10000,
    "temperature": 3.0,
    "loss": 0.4785325435938608
  }
}