{
  "family": "pair",
  "split": "test",
  "overall": {
    "rows": 10000,
    "accuracy": 0.7938,
    "macro_f1": 0.7863941926734327,
    "weighted_f1": 0.7863941926734327,
    "micro_f1": 0.7938,
    "labels": [
      "reconsolidation_candidate_pair::not_relevant",
      "reconsolidation_candidate_pair::relevant"
    ],
    "confusion_matrix": [
      [
        3038,
        1962
      ],
      [
        100,
        4900
      ]
    ],
    "calibration_error": 0.07517948439121241,
    "classification_report": {
      "reconsolidation_candidate_pair::not_relevant": {
        "precision": 0.9681325685149776,
        "recall": 0.6076,
        "f1-score": 0.7466207913492259,
        "support": 5000.0
      },
      "reconsolidation_candidate_pair::relevant": {
        "precision": 0.714077528417371,
        "recall": 0.98,
        "f1-score": 0.8261675939976395,
        "support": 5000.0
      },
      "accuracy": 0.7938,
      "macro avg": {
        "precision": 0.8411050484661744,
        "recall": 0.7938000000000001,
        "f1-score": 0.7863941926734327,
        "support": 10000.0
      },
      "weighted avg": {
        "precision": 0.8411050484661744,
        "recall": 0.7938,
        "f1-score": 0.7863941926734327,
        "support": 10000.0
      }
    },
    "mrr@10": 1.0,
    "ndcg@10": 1.0,
    "recall@10": 1.0,
    "groups_evaluated": 1
  },
  "per_task": {
    "reconsolidation_candidate_pair": {
      "rows": 10000,
      "accuracy": 0.7938,
      "macro_f1": 0.7863941926734327,
      "weighted_f1": 0.7863941926734327,
      "micro_f1": 0.7938,
      "labels": [
        "not_relevant",
        "relevant"
      ],
      "confusion_matrix": [
        [
          3038,
          1962
        ],
        [
          100,
          4900
        ]
      ],
      "wrong_task_predictions": 0,
      "wrong_task_rate": 0.0
    }
  },
  "calibration": {
    "method": "ece_grid_search",
    "rows": 10000,
    "temperature": 3.0,
    "loss": 0.4785325435938608
  }
}