{
  "family": "pair",
  "split": "eval",
  "overall": {
    "rows": 10000,
    "accuracy": 0.7134,
    "macro_f1": 0.71209988916348,
    "weighted_f1": 0.7120998891634799,
    "micro_f1": 0.7134,
    "labels": [
      "retrieval_constraint_relevance_pair::not_relevant",
      "retrieval_constraint_relevance_pair::relevant"
    ],
    "confusion_matrix": [
      [
        3231,
        1769
      ],
      [
        1097,
        3903
      ]
    ],
    "calibration_error": 0.003980031580352716,
    "classification_report": {
      "retrieval_constraint_relevance_pair::not_relevant": {
        "precision": 0.7465341959334566,
        "recall": 0.6462,
        "f1-score": 0.6927530017152659,
        "support": 5000.0
      },
      "retrieval_constraint_relevance_pair::relevant": {
        "precision": 0.68811706629055,
        "recall": 0.7806,
        "f1-score": 0.7314467766116941,
        "support": 5000.0
      },
      "accuracy": 0.7134,
      "macro avg": {
        "precision": 0.7173256311120033,
        "recall": 0.7134,
        "f1-score": 0.71209988916348,
        "support": 10000.0
      },
      "weighted avg": {
        "precision": 0.7173256311120033,
        "recall": 0.7134,
        "f1-score": 0.7120998891634799,
        "support": 10000.0
      }
    },
    "mrr@10": 0.9101,
    "ndcg@10": 0.9336411696921466,
    "recall@10": 1.0,
    "groups_evaluated": 5000
  },
  "per_task": {
    "retrieval_constraint_relevance_pair": {
      "rows": 10000,
      "accuracy": 0.7134,
      "macro_f1": 0.71209988916348,
      "weighted_f1": 0.7120998891634799,
      "micro_f1": 0.7134,
      "labels": [
        "not_relevant",
        "relevant"
      ],
      "confusion_matrix": [
        [
          3231,
          1769
        ],
        [
          1097,
          3903
        ]
      ],
      "wrong_task_predictions": 0,
      "wrong_task_rate": 0.0
    }
  },
  "calibration": {
    "method": "temperature_grid_search",
    "rows": 10000,
    "temperature": 1.5,
    "loss": 0.5522792445241245
  }
}