{
  "family": "pair",
  "split": "test",
  "overall": {
    "rows": 10000,
    "accuracy": 0.7089,
    "macro_f1": 0.7077730530796268,
    "weighted_f1": 0.7077730530796268,
    "micro_f1": 0.7089,
    "labels": [
      "retrieval_constraint_relevance_pair::not_relevant",
      "retrieval_constraint_relevance_pair::relevant"
    ],
    "confusion_matrix": [
      [
        3234,
        1766
      ],
      [
        1145,
        3855
      ]
    ],
    "calibration_error": 0.0075736881126311105,
    "classification_report": {
      "retrieval_constraint_relevance_pair::not_relevant": {
        "precision": 0.7385247773464261,
        "recall": 0.6468,
        "f1-score": 0.6896257596758716,
        "support": 5000.0
      },
      "retrieval_constraint_relevance_pair::relevant": {
        "precision": 0.6858210282867817,
        "recall": 0.771,
        "f1-score": 0.725920346483382,
        "support": 5000.0
      },
      "accuracy": 0.7089,
      "macro avg": {
        "precision": 0.712172902816604,
        "recall": 0.7089000000000001,
        "f1-score": 0.7077730530796268,
        "support": 10000.0
      },
      "weighted avg": {
        "precision": 0.7121729028166038,
        "recall": 0.7089,
        "f1-score": 0.7077730530796268,
        "support": 10000.0
      }
    },
    "mrr@10": 0.9068,
    "ndcg@10": 0.9312053060657183,
    "recall@10": 1.0,
    "groups_evaluated": 5000
  },
  "per_task": {
    "retrieval_constraint_relevance_pair": {
      "rows": 10000,
      "accuracy": 0.7089,
      "macro_f1": 0.7077730530796268,
      "weighted_f1": 0.7077730530796268,
      "micro_f1": 0.7089,
      "labels": [
        "not_relevant",
        "relevant"
      ],
      "confusion_matrix": [
        [
          3234,
          1766
        ],
        [
          1145,
          3855
        ]
      ],
      "wrong_task_predictions": 0,
      "wrong_task_rate": 0.0
    }
  },
  "calibration": {
    "method": "temperature_grid_search",
    "rows": 10000,
    "temperature": 1.5,
    "loss": 0.5522792445241245
  }
}