{
  "family": "pair",
  "split": "test",
  "overall": {
    "rows": 10000,
    "accuracy": 0.7888,
    "macro_f1": 0.7805934125416046,
    "weighted_f1": 0.7805934125416046,
    "micro_f1": 0.7888,
    "labels": [
      "retrieval_constraint_relevance_pair::not_relevant",
      "retrieval_constraint_relevance_pair::relevant"
    ],
    "confusion_matrix": [
      [
        2977,
        2023
      ],
      [
        89,
        4911
      ]
    ],
    "calibration_error": 0.0649609781444073,
    "classification_report": {
      "retrieval_constraint_relevance_pair::not_relevant": {
        "precision": 0.9709719504240052,
        "recall": 0.5954,
        "f1-score": 0.738160178527151,
        "support": 5000.0
      },
      "retrieval_constraint_relevance_pair::relevant": {
        "precision": 0.7082492068070377,
        "recall": 0.9822,
        "f1-score": 0.8230266465560583,
        "support": 5000.0
      },
      "accuracy": 0.7888,
      "macro avg": {
        "precision": 0.8396105786155215,
        "recall": 0.7888,
        "f1-score": 0.7805934125416046,
        "support": 10000.0
      },
      "weighted avg": {
        "precision": 0.8396105786155215,
        "recall": 0.7888,
        "f1-score": 0.7805934125416046,
        "support": 10000.0
      }
    },
    "mrr@10": 0.5,
    "ndcg@10": 0.6309297535714575,
    "recall@10": 1.0,
    "groups_evaluated": 1
  },
  "per_task": {
    "retrieval_constraint_relevance_pair": {
      "rows": 10000,
      "accuracy": 0.7888,
      "macro_f1": 0.7805934125416046,
      "weighted_f1": 0.7805934125416046,
      "micro_f1": 0.7888,
      "labels": [
        "not_relevant",
        "relevant"
      ],
      "confusion_matrix": [
        [
          2977,
          2023
        ],
        [
          89,
          4911
        ]
      ],
      "wrong_task_predictions": 0,
      "wrong_task_rate": 0.0
    }
  },
  "calibration": {
    "method": "ece_grid_search",
    "rows": 10000,
    "temperature": 3.0,
    "loss": 0.4982294972172727
  }
}