{
  "family": "pair",
  "split": "eval",
  "overall": {
    "rows": 10000,
    "accuracy": 0.7894,
    "macro_f1": 0.7816838334079714,
    "weighted_f1": 0.7816838334079713,
    "micro_f1": 0.7894,
    "labels": [
      "retrieval_constraint_relevance_pair::not_relevant",
      "retrieval_constraint_relevance_pair::relevant"
    ],
    "confusion_matrix": [
      [
        3007,
        1993
      ],
      [
        113,
        4887
      ]
    ],
    "calibration_error": 0.06724028323292734,
    "classification_report": {
      "retrieval_constraint_relevance_pair::not_relevant": {
        "precision": 0.9637820512820513,
        "recall": 0.6014,
        "f1-score": 0.74064039408867,
        "support": 5000.0
      },
      "retrieval_constraint_relevance_pair::relevant": {
        "precision": 0.7103197674418604,
        "recall": 0.9774,
        "f1-score": 0.8227272727272728,
        "support": 5000.0
      },
      "accuracy": 0.7894,
      "macro avg": {
        "precision": 0.8370509093619558,
        "recall": 0.7894000000000001,
        "f1-score": 0.7816838334079714,
        "support": 10000.0
      },
      "weighted avg": {
        "precision": 0.8370509093619559,
        "recall": 0.7894,
        "f1-score": 0.7816838334079713,
        "support": 10000.0
      }
    },
    "mrr@10": 0.5,
    "ndcg@10": 0.6309297535714575,
    "recall@10": 1.0,
    "groups_evaluated": 1
  },
  "per_task": {
    "retrieval_constraint_relevance_pair": {
      "rows": 10000,
      "accuracy": 0.7894,
      "macro_f1": 0.7816838334079714,
      "weighted_f1": 0.7816838334079713,
      "micro_f1": 0.7894,
      "labels": [
        "not_relevant",
        "relevant"
      ],
      "confusion_matrix": [
        [
          3007,
          1993
        ],
        [
          113,
          4887
        ]
      ],
      "wrong_task_predictions": 0,
      "wrong_task_rate": 0.0
    }
  },
  "calibration": {
    "method": "ece_grid_search",
    "rows": 10000,
    "temperature": 3.0,
    "loss": 0.4982294972172727
  }
}