{
  "family": "router",
  "epoch_stats": [
    {
      "epoch": 1,
      "train_loss": 0.49642418763078416,
      "train_accuracy": 0.9312062628402671,
      "train_macro_f1": 0.9326022828659377,
      "train_weighted_f1": 0.9329824209239074,
      "valid_loss": 0.48209625883806756,
      "valid_accuracy": 0.9244285714285714,
      "valid_macro_f1": 0.926235654207045,
      "valid_weighted_f1": 0.9262356542070449,
      "monitor_metric": "macro_f1",
      "monitor_value": 0.926235654207045,
      "improved": true
    },
    {
      "epoch": 2,
      "train_loss": 0.4947039043467635,
      "train_accuracy": 0.9312764830508474,
      "train_macro_f1": 0.9326193201974093,
      "train_weighted_f1": 0.9330261981483748,
      "valid_loss": 0.48111536743049177,
      "valid_accuracy": 0.924063492063492,
      "valid_macro_f1": 0.9258597217031788,
      "valid_weighted_f1": 0.9258597217031788,
      "monitor_metric": "macro_f1",
      "monitor_value": 0.9258597217031788,
      "improved": false
    },
    {
      "epoch": 3,
      "train_loss": 0.4937372258754057,
      "train_accuracy": 0.9310979230868002,
      "train_macro_f1": 0.9323201961881513,
      "train_weighted_f1": 0.9327362686877312,
      "valid_loss": 0.4804930006915956,
      "valid_accuracy": 0.9240952380952381,
      "valid_macro_f1": 0.9257796353540717,
      "valid_weighted_f1": 0.9257796353540717,
      "monitor_metric": "macro_f1",
      "monitor_value": 0.9257796353540717,
      "improved": false
    },
    {
      "epoch": 4,
      "train_loss": 0.49309408342873645,
      "train_accuracy": 0.9308651932460195,
      "train_macro_f1": 0.9319746389710357,
      "train_weighted_f1": 0.9324168201678176,
      "valid_loss": 0.4800581472921111,
      "valid_accuracy": 0.9243174603174603,
      "valid_macro_f1": 0.925926196173538,
      "valid_weighted_f1": 0.9259261961735378,
      "monitor_metric": "macro_f1",
      "monitor_value": 0.925926196173538,
      "improved": false
    }
  ]
}