{
  "family": "router",
  "epoch_stats": [
    {
      "epoch": 1,
      "train_loss": 0.7099393079986854,
      "train_accuracy": 0.8910181791163068,
      "train_macro_f1": 0.8916709403880889,
      "train_weighted_f1": 0.8927687627273179,
      "valid_loss": 0.7310518078604672,
      "valid_accuracy": 0.8570907712052269,
      "valid_macro_f1": 0.8669346103172051,
      "valid_weighted_f1": 0.8578688946046636,
      "monitor_metric": "macro_f1",
      "monitor_value": 0.8669346103172051,
      "improved": true
    },
    {
      "epoch": 2,
      "train_loss": 0.7088329725374198,
      "train_accuracy": 0.8913731754837857,
      "train_macro_f1": 0.8916028781742023,
      "train_weighted_f1": 0.8926277600323547,
      "valid_loss": 0.7304825380156125,
      "valid_accuracy": 0.8568136740170342,
      "valid_macro_f1": 0.8663631204441763,
      "valid_weighted_f1": 0.856707213820728,
      "monitor_metric": "macro_f1",
      "monitor_value": 0.8663631204441763,
      "improved": false
    },
    {
      "epoch": 3,
      "train_loss": 0.7084305084823769,
      "train_accuracy": 0.8913834951456311,
      "train_macro_f1": 0.8915567558248119,
      "train_weighted_f1": 0.892578096574527,
      "valid_loss": 0.7300935259085242,
      "valid_accuracy": 0.8573241162058103,
      "valid_macro_f1": 0.8667083505256441,
      "valid_weighted_f1": 0.8571066615896592,
      "monitor_metric": "macro_f1",
      "monitor_value": 0.8667083505256441,
      "improved": false
    },
    {
      "epoch": 4,
      "train_loss": 0.7082164997933275,
      "train_accuracy": 0.8916724456773001,
      "train_macro_f1": 0.891769592485504,
      "train_weighted_f1": 0.8927878481331466,
      "valid_loss": 0.7299451657103606,
      "valid_accuracy": 0.8577324699568312,
      "valid_macro_f1": 0.8670137600711562,
      "valid_weighted_f1": 0.8574058810660489,
      "monitor_metric": "macro_f1",
      "monitor_value": 0.8670137600711562,
      "improved": false
    }
  ]
}