{
  "family": "router",
  "split": "eval",
  "overall": {
    "confidence_bin::low": {
      "precision": 1.0,
      "recall": 1.0,
      "f1-score": 1.0,
      "support": 1000.0
    },
    "consolidation_gist_quality::accept": {
      "precision": 1.0,
      "recall": 0.9990128331688055,
      "f1-score": 0.9995061728395062,
      "support": 1013.0
    },
    "consolidation_gist_quality::reject": {
      "precision": 0.9375,
      "recall": 1.0,
      "f1-score": 0.967741935483871,
      "support": 15.0
    },
    "decay_profile::very_fast": {
      "precision": 1.0,
      "recall": 1.0,
      "f1-score": 1.0,
      "support": 1000.0
    },
    "forgetting_action_policy::compress": {
      "precision": 0.2727272727272727,
      "recall": 1.0,
      "f1-score": 0.42857142857142855,
      "support": 9.0
    },
    "forgetting_action_policy::decay": {
      "precision": 0.875,
      "recall": 1.0,
      "f1-score": 0.9333333333333333,
      "support": 7.0
    },
    "forgetting_action_policy::delete": {
      "precision": 0.8333333333333334,
      "recall": 1.0,
      "f1-score": 0.9090909090909091,
      "support": 5.0
    },
    "forgetting_action_policy::keep": {
      "precision": 1.0,
      "recall": 0.9563058589870904,
      "f1-score": 0.9776649746192894,
      "support": 1007.0
    },
    "forgetting_action_policy::silence": {
      "precision": 0.25,
      "recall": 1.0,
      "f1-score": 0.4,
      "support": 6.0
    },
    "importance_bin::low": {
      "precision": 1.0,
      "recall": 1.0,
      "f1-score": 1.0,
      "support": 1000.0
    },
    "salience_bin::low": {
      "precision": 1.0,
      "recall": 1.0,
      "f1-score": 1.0,
      "support": 1000.0
    },
    "accuracy": 0.9925767073573079,
    "macro avg": {
      "precision": 0.8335055096418732,
      "recall": 0.9959380629232633,
      "f1-score": 0.8741735230853035,
      "support": 6062.0
    },
    "weighted avg": {
      "precision": 0.997741456964898,
      "recall": 0.9925767073573079,
      "f1-score": 0.9945332303359011,
      "support": 6062.0
    }
  },
  "per_task": {
    "confidence_bin": {
      "low": {
        "precision": 1.0,
        "recall": 1.0,
        "f1-score": 1.0,
        "support": 1000.0
      },
      "accuracy": 1.0,
      "macro avg": {
        "precision": 1.0,
        "recall": 1.0,
        "f1-score": 1.0,
        "support": 1000.0
      },
      "weighted avg": {
        "precision": 1.0,
        "recall": 1.0,
        "f1-score": 1.0,
        "support": 1000.0
      }
    },
    "consolidation_gist_quality": {
      "accept": {
        "precision": 1.0,
        "recall": 0.9990128331688055,
        "f1-score": 0.9995061728395062,
        "support": 1013.0
      },
      "reject": {
        "precision": 0.9375,
        "recall": 1.0,
        "f1-score": 0.967741935483871,
        "support": 15.0
      },
      "accuracy": 0.9990272373540856,
      "macro avg": {
        "precision": 0.96875,
        "recall": 0.9995064165844028,
        "f1-score": 0.9836240541616885,
        "support": 1028.0
      },
      "weighted avg": {
        "precision": 0.9990880350194552,
        "recall": 0.9990272373540856,
        "f1-score": 0.9990426868858734,
        "support": 1028.0
      }
    },
    "decay_profile": {
      "very_fast": {
        "precision": 1.0,
        "recall": 1.0,
        "f1-score": 1.0,
        "support": 1000.0
      },
      "accuracy": 1.0,
      "macro avg": {
        "precision": 1.0,
        "recall": 1.0,
        "f1-score": 1.0,
        "support": 1000.0
      },
      "weighted avg": {
        "precision": 1.0,
        "recall": 1.0,
        "f1-score": 1.0,
        "support": 1000.0
      }
    },
    "forgetting_action_policy": {
      "compress": {
        "precision": 0.2727272727272727,
        "recall": 1.0,
        "f1-score": 0.42857142857142855,
        "support": 9.0
      },
      "decay": {
        "precision": 0.875,
        "recall": 1.0,
        "f1-score": 0.9333333333333333,
        "support": 7.0
      },
      "delete": {
        "precision": 0.8333333333333334,
        "recall": 1.0,
        "f1-score": 0.9090909090909091,
        "support": 5.0
      },
      "keep": {
        "precision": 1.0,
        "recall": 0.9563058589870904,
        "f1-score": 0.9776649746192894,
        "support": 1007.0
      },
      "silence": {
        "precision": 0.25,
        "recall": 1.0,
        "f1-score": 0.4,
        "support": 6.0
      },
      "accuracy": 0.9574468085106383,
      "macro avg": {
        "precision": 0.6462121212121212,
        "recall": 0.991261171797418,
        "f1-score": 0.7297321291229921,
        "support": 1034.0
      },
      "weighted avg": {
        "precision": 0.9876655823222554,
        "recall": 0.9574468085106383,
        "f1-score": 0.9689018957229739,
        "support": 1034.0
      }
    },
    "importance_bin": {
      "low": {
        "precision": 1.0,
        "recall": 1.0,
        "f1-score": 1.0,
        "support": 1000.0
      },
      "accuracy": 1.0,
      "macro avg": {
        "precision": 1.0,
        "recall": 1.0,
        "f1-score": 1.0,
        "support": 1000.0
      },
      "weighted avg": {
        "precision": 1.0,
        "recall": 1.0,
        "f1-score": 1.0,
        "support": 1000.0
      }
    },
    "salience_bin": {
      "low": {
        "precision": 1.0,
        "recall": 1.0,
        "f1-score": 1.0,
        "support": 1000.0
      },
      "accuracy": 1.0,
      "macro avg": {
        "precision": 1.0,
        "recall": 1.0,
        "f1-score": 1.0,
        "support": 1000.0
      },
      "weighted avg": {
        "precision": 1.0,
        "recall": 1.0,
        "f1-score": 1.0,
        "support": 1000.0
      }
    }
  }
}