{
  "family": "router",
  "split": "test",
  "overall": {
    "confidence_bin::low": {
      "precision": 1.0,
      "recall": 1.0,
      "f1-score": 1.0,
      "support": 1000.0
    },
    "consolidation_gist_quality::accept": {
      "precision": 0.9980276134122288,
      "recall": 1.0,
      "f1-score": 0.9990128331688055,
      "support": 1012.0
    },
    "consolidation_gist_quality::reject": {
      "precision": 1.0,
      "recall": 0.8333333333333334,
      "f1-score": 0.9090909090909091,
      "support": 12.0
    },
    "decay_profile::very_fast": {
      "precision": 1.0,
      "recall": 1.0,
      "f1-score": 1.0,
      "support": 1000.0
    },
    "forgetting_action_policy::compress": {
      "precision": 1.0,
      "recall": 0.8571428571428571,
      "f1-score": 0.9230769230769231,
      "support": 7.0
    },
    "forgetting_action_policy::decay": {
      "precision": 1.0,
      "recall": 0.2,
      "f1-score": 0.3333333333333333,
      "support": 5.0
    },
    "forgetting_action_policy::delete": {
      "precision": 0.0,
      "recall": 0.0,
      "f1-score": 0.0,
      "support": 4.0
    },
    "forgetting_action_policy::keep": {
      "precision": 0.9975062344139651,
      "recall": 1.0,
      "f1-score": 0.9987515605493134,
      "support": 2000.0
    },
    "forgetting_action_policy::silence": {
      "precision": 0.5555555555555556,
      "recall": 1.0,
      "f1-score": 0.7142857142857143,
      "support": 5.0
    },
    "importance_bin::low": {
      "precision": 1.0,
      "recall": 1.0,
      "f1-score": 1.0,
      "support": 1000.0
    },
    "salience_bin::low": {
      "precision": 1.0,
      "recall": 1.0,
      "f1-score": 1.0,
      "support": 1000.0
    },
    "accuracy": 0.9984386089425125,
    "macro avg": {
      "precision": 0.8682808548528862,
      "recall": 0.8082251082251083,
      "f1-score": 0.8070501157731816,
      "support": 7045.0
    },
    "weighted avg": {
      "precision": 0.9981255062283724,
      "recall": 0.9984386089425125,
      "f1-score": 0.9980287910396285,
      "support": 7045.0
    }
  },
  "per_task": {
    "confidence_bin": {
      "low": {
        "precision": 1.0,
        "recall": 1.0,
        "f1-score": 1.0,
        "support": 1000.0
      },
      "accuracy": 1.0,
      "macro avg": {
        "precision": 1.0,
        "recall": 1.0,
        "f1-score": 1.0,
        "support": 1000.0
      },
      "weighted avg": {
        "precision": 1.0,
        "recall": 1.0,
        "f1-score": 1.0,
        "support": 1000.0
      }
    },
    "consolidation_gist_quality": {
      "accept": {
        "precision": 0.9980276134122288,
        "recall": 1.0,
        "f1-score": 0.9990128331688055,
        "support": 1012.0
      },
      "reject": {
        "precision": 1.0,
        "recall": 0.8333333333333334,
        "f1-score": 0.9090909090909091,
        "support": 12.0
      },
      "accuracy": 0.998046875,
      "macro avg": {
        "precision": 0.9990138067061144,
        "recall": 0.9166666666666667,
        "f1-score": 0.9540518711298573,
        "support": 1024.0
      },
      "weighted avg": {
        "precision": 0.9980507273175542,
        "recall": 0.998046875,
        "f1-score": 0.9979590606210177,
        "support": 1024.0
      }
    },
    "decay_profile": {
      "very_fast": {
        "precision": 1.0,
        "recall": 1.0,
        "f1-score": 1.0,
        "support": 1000.0
      },
      "accuracy": 1.0,
      "macro avg": {
        "precision": 1.0,
        "recall": 1.0,
        "f1-score": 1.0,
        "support": 1000.0
      },
      "weighted avg": {
        "precision": 1.0,
        "recall": 1.0,
        "f1-score": 1.0,
        "support": 1000.0
      }
    },
    "forgetting_action_policy": {
      "compress": {
        "precision": 1.0,
        "recall": 0.8571428571428571,
        "f1-score": 0.9230769230769231,
        "support": 7.0
      },
      "decay": {
        "precision": 1.0,
        "recall": 0.2,
        "f1-score": 0.3333333333333333,
        "support": 5.0
      },
      "delete": {
        "precision": 0.0,
        "recall": 0.0,
        "f1-score": 0.0,
        "support": 4.0
      },
      "keep": {
        "precision": 0.9975062344139651,
        "recall": 1.0,
        "f1-score": 0.9987515605493134,
        "support": 2000.0
      },
      "silence": {
        "precision": 0.5555555555555556,
        "recall": 1.0,
        "f1-score": 0.7142857142857143,
        "support": 5.0
      },
      "accuracy": 0.9955467590301831,
      "macro avg": {
        "precision": 0.7106123579939041,
        "recall": 0.6114285714285714,
        "f1-score": 0.5938895062490568,
        "support": 2021.0
      },
      "weighted avg": {
        "precision": 0.9944533629914438,
        "recall": 0.9955467590301831,
        "f1-score": 0.9941626693707375,
        "support": 2021.0
      }
    },
    "importance_bin": {
      "low": {
        "precision": 1.0,
        "recall": 1.0,
        "f1-score": 1.0,
        "support": 1000.0
      },
      "accuracy": 1.0,
      "macro avg": {
        "precision": 1.0,
        "recall": 1.0,
        "f1-score": 1.0,
        "support": 1000.0
      },
      "weighted avg": {
        "precision": 1.0,
        "recall": 1.0,
        "f1-score": 1.0,
        "support": 1000.0
      }
    },
    "salience_bin": {
      "low": {
        "precision": 1.0,
        "recall": 1.0,
        "f1-score": 1.0,
        "support": 1000.0
      },
      "accuracy": 1.0,
      "macro avg": {
        "precision": 1.0,
        "recall": 1.0,
        "f1-score": 1.0,
        "support": 1000.0
      },
      "weighted avg": {
        "precision": 1.0,
        "recall": 1.0,
        "f1-score": 1.0,
        "support": 1000.0
      }
    }
  }
}