{
  "family": "router",
  "split": "test",
  "overall": {
    "rows": 3000,
    "accuracy": 0.8593333333333333,
    "macro_f1": 0.8593163106069168,
    "weighted_f1": 0.8593163106069169,
    "micro_f1": 0.8593333333333333,
    "labels": [
      "low",
      "medium",
      "high"
    ],
    "confusion_matrix": [
      [
        1000,
        0,
        0
      ],
      [
        0,
        778,
        222
      ],
      [
        0,
        200,
        800
      ]
    ],
    "calibration_error": 0.031157973034661814,
    "ordinal_mae": 0.14066666666666666,
    "off_by_two_rate": 0.0
  },
  "per_task": {
    "salience_bin": {
      "rows": 3000,
      "accuracy": 0.8593333333333333,
      "macro_f1": 0.8593163106069168,
      "weighted_f1": 0.8593163106069169,
      "micro_f1": 0.8593333333333333,
      "labels": [
        "high",
        "low",
        "medium"
      ],
      "confusion_matrix": [
        [
          800,
          0,
          200
        ],
        [
          0,
          1000,
          0
        ],
        [
          222,
          0,
          778
        ]
      ],
      "wrong_task_predictions": 0,
      "wrong_task_rate": 0.0
    }
  }
}